Url kad.arbitr,Название,ИНН,Номер дела,Сумма иска,Проверить сумму иска,Директор,КПП,ОГРН,Дата присвоения ОГРН,Адрес,Sbisru Телефон,Sbisru Эл. почта,VbankCenterru Телефон,VbankCenterru Эл. почта
https://kad.arbitr.ru/Card/ce93ec7e-2a63-4b9e-baf9-eb6b0fbda89c,"ООО ""ТЕЛС ГЛОБАЛ""",7733767307,А40-49135/2024,869851.57,нет,ГЕНЕРАЛЬНЫЙ ДИРЕКТОР: Вельма Максим Александрович,771501001,1117746368300,10.05.2011,"127015, ГОРОД МОСКВА, НОВОДМИТРОВСКАЯ УЛИЦА, ДОМ 2, КОРПУС 1, ПОМ LXIII КОМ 3",,mochalina@telsgroup.ru,,
https://kad.arbitr.ru/Card/49c2c3f6-7718-4fc7-9d40-ed22134a5539,"ООО ""ВПТ""",7705486752,А40-49120/2024,4352000,нет,ГЕНЕРАЛЬНЫЙ ДИРЕКТОР: Мартинович Александр Леонидович,770301001,1037705006976,29.01.2003,"121069, ГОРОД МОСКВА, СКАТЕРТНЫЙ ПЕРЕУЛОК, 5А",,,,
https://kad.arbitr.ru/Card/7a384904-330f-49ab-9e14-4a9b372a4e5d,"ООО ""АН ""ЕСТЭЙТ +""",7710957630,А40-49110/2024,0,да,ГЕНЕРАЛЬНЫЙ ДИРЕКТОР: Голоднов Вадим Олегович,771001001,1147746188842,26.02.2014,"123001, ГОРОД МОСКВА, ТРЁХПРУДНЫЙ ПЕРЕУЛОК, ДОМ 11/13, СТРОЕНИЕ 2, ПОМ. 111; КОМ.1",,,+7 (915) 172-34-94 ,azimutkadastr@gmail.com
https://kad.arbitr.ru/Card/cf8b537d-9e0a-4a5a-be69-d21b465f809e,"ООО ""УКЛАД АССЭТ МЕНЕДЖМЕНТ""",9725078804,А40-49084/2024,0,да,ГЕНЕРАЛЬНЫЙ ДИРЕКТОР: Стариков Анатолий Евгеньевич,771301001,1227700170950,28.03.2022,"127206, РОССИЯ, Г. МОСКВА, ВН.ТЕР.Г. МУНИЦИПАЛЬНЫЙ ОКРУГ ТИМИРЯЗЕВСКИЙ, ВУЧЕТИЧА УЛ., Д. 12, СТР. 3",,,,
https://kad.arbitr.ru/Card/b13cd1ae-5218-4c33-8c49-35c51dada198,"ООО ""ТРИ А""",7743237404,А40-49073/2024,6301659.97,нет,ГЕНЕРАЛЬНЫЙ ДИРЕКТОР: Королева Анна Игоревна,774301001,5177746327260,14.12.2017,"125057, ГОРОД МОСКВА, ЛЕНИНГРАДСКИЙ ПРОСПЕКТ, ДОМ 75, КОРПУС 1А, КОМНАТА 1-14",,,+7 (495) 620-09-41 ; +7 (909) 994-99-99 ,attoshop@bk.ru; 89099949999@mail.ru
https://kad.arbitr.ru/Card/2ced1b90-e44f-4d15-a7a7-687fcd79f57a,"ООО ""СК ТОНЕКО """,7708416778,А40-49072/2024,190071.76,нет,ГЕНЕРАЛЬНЫЙ ДИРЕКТОР: Белов Александр Сергеевич,770801001,1237700191740,10.03.2023,"107140, РОССИЯ, Г. МОСКВА, ВН.ТЕР.Г. МУНИЦИПАЛЬНЫЙ ОКРУГ КРАСНОСЕЛЬСКИЙ, ВЕРХНЯЯ КРАСНОСЕЛЬСКАЯ УЛ., Д. 16Б, СТР. 2, ПОМЕЩ. 109",,info@sktoneko.ru,,
https://kad.arbitr.ru/Card/4de211c6-13bb-4679-ad95-7915696563c4,"ООО ""ГРУЗ ТОРГ""",9731053124,А40-49071/2024,879980.66,нет,ГЕНЕРАЛЬНЫЙ ДИРЕКТОР: Стулов Роман Евгеньевич,773101001,1197746599786,07.10.2019,"121609, РОССИЯ, Г. МОСКВА, ВН.ТЕР.Г. МУНИЦИПАЛЬНЫЙ ОКРУГ КРЫЛАТСКОЕ, ОСЕННЯЯ УЛ., Д. 23, ПОМЕЩ. 114А/1/9",,,,
https://kad.arbitr.ru/Card/cfc38b7b-fdc5-4db4-9f31-f2b5399cdd7e,"ООО ""ГОРОДСКАЯ УПРАВЛЯЮЩАЯ КОМПАНИЯ ""ДОМЖИЛСЕРВИС""",5029140514,А40-49057/2024,4361207.17,нет,ГЕНЕРАЛЬНЫЙ ДИРЕКТОР: Гашичев Дмитрий Юрьевич,502901001,1105029009128,30.06.2010,"141021, РОССИЯ, МОСКОВСКАЯ ОБЛ., МЫТИЩИ Г.О., МЫТИЩИ Г., БОРИСОВКА УЛ., Д. 4, ПОМЕЩ. X, КОМ. 9",8 (495) 780-70-83,info@ukdgs.com,+7 (495) 780-70-83 ,info@ukdgs.com
https://kad.arbitr.ru/Card/5351fab0-0e67-48e9-b5cc-af981544c3da,"ООО ""ПИК-КОМФОРТ""",7701208190,А40-49050/2024,236269,нет,ГЕНЕРАЛЬНЫЙ ДИРЕКТОР: Розанов Илья Владимирович,773401001,1027700082266,31.07.2002,"123060, РОССИЯ, Г. МОСКВА, ВН.ТЕР.Г. МУНИЦИПАЛЬНЫЙ ОКРУГ ЩУКИНО, МАРШАЛА СОКОЛОВСКОГО УЛ., Д. 3, ЭТАЖ 5, ПОМЕЩ. II КОМ. 2,4",,hotline@pik-comfort.ru,+7 (495) 505-97-33 ,hotline@pik-comfort.ru
https://kad.arbitr.ru/Card/e143e46b-c069-49dd-8a1d-25578807ce47,"ООО ""ГАМ ЭНД КЕНДИ""",3664215305,А40-49032/2024,11196531.96,нет,ГЕНЕРАЛЬНЫЙ ДИРЕКТОР: Мартынова Анастасия Михайловна,366101001,1163668054857,29.01.2016,"394033, ВОРОНЕЖСКАЯ ОБЛАСТЬ, ВОРОНЕЖ ГОРОД, ЗЕМЛЯЧКИ УЛИЦА, ДОМ 23А, ОФИС 9",,,+7 (919) 239-56-64 ,glav_buh@snackinter.ru
https://kad.arbitr.ru/Card/2d5ed667-8a70-4125-a1e9-054828159861,"ООО ""ЗИТА""",7801336862,А40-49031/2024,183567.36,нет,ГЕНЕРАЛЬНЫЙ ДИРЕКТОР: Серпионов Георгий Викторович,781601001,1177847299288,08.09.2017,"192102, РОССИЯ, Г. САНКТ-ПЕТЕРБУРГ, ВН.ТЕР.Г. МУНИЦИПАЛЬНЫЙ ОКРУГ ВОЛКОВСКОЕ, БУХАРЕСТСКАЯ УЛ., Д. 32, ЛИТЕР А, ОФИС 4-54, Ч.ПОМ. 12-Н",,taxi.megataxi@yandex.ru,+7 (921) 360-16-43 ,
https://kad.arbitr.ru/Card/8553bd4c-35e8-470d-9886-08a72799c81d,"ООО ""ПЕТРОЛЕУМ""",6316025813,А40-49028/2024,1600090,нет,ДИРЕКТОР: Демина Ирина Викторовна,770401001,1026301180564,03.03.2003,"119435, РОССИЯ, Г. МОСКВА, ВН.ТЕР.Г. МУНИЦИПАЛЬНЫЙ ОКРУГ ХАМОВНИКИ, БОЛЬШОЙ САВВИНСКИЙ ПЕР., Д. 9, СТР. 3",,ooopetroleum1993@mail.ru,+7 (846) 336-27-06 ; +7 (927) 205-99-34 ,ocelot_82@mail.ru
https://kad.arbitr.ru/Card/0e501e12-a475-4a95-9d58-284bd5ee7b76,"""ТСЖ ""НИЖЕГОРОДСКОЕ""",7722165445,А40-49027/2024,434943.63,нет,ПРЕДСЕДАТЕЛЬ ПРАВЛЕНИЯ: Максимов Александр Львович,772201001,1037739540189,10.02.2003,"109052, ГОРОД МОСКВА, НИЖЕГОРОДСКАЯ УЛИЦА, ДОМ 86КА, ОФИС 4 ТП",8 (495) 678-21-65,,+7 (495) 916-14-15 ,
https://kad.arbitr.ru/Card/6eae726f-57ae-4656-afc8-9c5768b96def,"ТСЖ ""ЖЕМЧУЖИНА""",7718269956,А40-49024/2024,979712.55,нет,ПРЕДСЕДАТЕЛЬ ПРАВЛЕНИЯ: Кукушкин Александр Евгеньевич,771801001,1077799008760,26.04.2007,"107014, ГОРОД МОСКВА, БОЛЬШАЯ ОСТРОУМОВСКАЯ УЛИЦА, 19",8 (495) 603-34-01,,,
https://kad.arbitr.ru/Card/66de35c2-6119-4b5d-ae17-20e4da6c4041,"ООО ""РЕМСТРОЙ""",4253034400,А40-49020/2024,263638.34,нет,ГЕНЕРАЛЬНЫЙ ДИРЕКТОР: Показаньев Александр Леонидович,421701001,1164205066190,10.06.2016,"654080, КЕМЕРОВСКАЯ ОБЛАСТЬ - КУЗБАСС, НОВОКУЗНЕЦК ГОРОД, ТОЛЬЯТТИ (ЦЕНТРАЛЬНЫЙ Р-Н) УЛ, ДОМ 42, КВАРТИРА 38",,,+7 (906) 988-21-41 ; +7 (913) 292-74-57 ,pal809@rambler.ru; pokazanev1980asa@gmail.com
https://kad.arbitr.ru/Card/b72cf6b9-de32-4686-8de1-92dad9fbc14c,"ООО ""ТГ ""РУСЖДТРАНС""",7708290194,А40-49019/2024,145000,нет,ГЕНЕРАЛЬНЫЙ ДИРЕКТОР: Буданов Алексей Витальевич,770801001,1167746446812,05.05.2016,"107078, ГОРОД МОСКВА, НОВОРЯЗАНСКАЯ УЛИЦА, ДОМ 18, СТРОЕНИЕ 10-12, ПОМЕЩЕНИЕ 11",,,+7 (903) 250-64-33 ,etesheva@tgrzdtrans.ru
https://kad.arbitr.ru/Card/88d36bd3-daf1-4860-a5b3-115415a55ad4,"ООО ""СТРОЙПРОЕКТ-М""",7718815316,А40-48993/2024,193242,нет,Генеральный директор: Черных Александр Геннадьевич,771901001,1107746614832,04.08.2010,"105187, РОССИЯ, Г. МОСКВА, ВН.ТЕР.Г. МУНИЦИПАЛЬНЫЙ ОКРУГ СОКОЛИНАЯ ГОРА, БОРИСОВСКАЯ УЛ., Д. 1, ПОМЕЩ. 1/7",,,+7 (499) 164-16-50 ; +7 (903) 960-17-09 ,chernykh@stroyp.ru
https://kad.arbitr.ru/Card/52de09be-d5c7-4541-a2f6-c99e92a46b46,"ООО ""БРАМИ""",7720814246,А40-48985/2024,472128.38,нет,ГЕНЕРАЛЬНЫЙ ДИРЕКТОР: Сивак Алексей Владимирович,772001001,1147746557408,19.05.2014,"111672, РОССИЯ, Г. МОСКВА, ВН.ТЕР.Г. МУНИЦИПАЛЬНЫЙ ОКРУГ НОВОКОСИНО, НОВОКОСИНСКАЯ УЛ., Д. 14, К. 6, КВ. 151",,,+7 (495) 783-06-56 ,avsivak@bramy.ru
https://kad.arbitr.ru/Card/d95b4397-02fb-400e-8992-a8665dc5daca,"ООО ""ПТК""",7717751405,А40-48984/2024,361831.5,нет,ГЕНЕРАЛЬНЫЙ ДИРЕКТОР: Паниткин Александр Георгиевич,774301001,1137746358485,19.04.2013,"125080, РОССИЯ, Г. МОСКВА, ВН.ТЕР.Г. МУНИЦИПАЛЬНЫЙ ОКРУГ СОКОЛ, ВОЛОКОЛАМСКОЕ Ш., Д. 2, ЭТАЖ 19, ПОМЕЩ. I/КОМН 19",,info@1tkom.ru,+7 (985) 266-32-11 ,ooo.ptk.company@gmail.com
https://kad.arbitr.ru/Card/b714db99-75ff-4d2a-91ed-24ebce2ba642,"ООО ""ЛЕВИТЭК""",7720269375,А40-48982/2024,371449.35,нет,ГЕНЕРАЛЬНЫЙ ДИРЕКТОР: Осипов Алексей Сергеевич,772201001,1027720007369,12.11.2002,"109125, РОССИЯ, Г. МОСКВА, ВН.ТЕР.Г. МУНИЦИПАЛЬНЫЙ ОКРУГ ТЕКСТИЛЬЩИКИ, 1-Й САРАТОВСКИЙ ПР-Д, Д. 4, КАБ. 2",8 (495) 150-33-65,m.rahmatulina@levitek.ru,+7 (916) 138-49-18 ; +7 (495) 240-52-53 ; +7 (495) 240-52-52 ; +7 (495) 240-55-53 ,m.rahmatulina@levitek.ru; sales@vego-trade.ru; sales@vengo-trade.ru
https://kad.arbitr.ru/Card/0cb82627-8d5a-4f4b-884d-9222b13fce33,"ООО ""ЯНДЕКС""",7736207543,А40-48956/2024,346191.4,нет,ГЕНЕРАЛЬНЫЙ ДИРЕКТОР: Савиновский Артем Геннадьевич,770401001,1027700229193,18.09.2002,"119021, ГОРОД МОСКВА, ЛЬВА ТОЛСТОГО УЛИЦА, 16",,adv@yandex-team.ru,+7 (495) 739-70-00 ,
https://kad.arbitr.ru/Card/d4963528-ef3a-42f8-b660-050531dc2599,"ООО ""БАЛАШИХА-ЭКСПРЕСС""",5001041930,А40-48952/2024,748915.28,нет,ГЕНЕРАЛЬНЫЙ ДИРЕКТОР: Бураев Зеламхан Хамзанович,500101001,1035000713956,02.06.2003,"143900, МОСКОВСКАЯ ОБЛАСТЬ, БАЛАШИХА ГОРОД, ЛЕНИНА ПРОСПЕКТ, 73",8 (495) 424-99-12,7862323@net.ru,+7 (495) 786-23-23 ,7862323@net.ru
https://kad.arbitr.ru/Card/fad81c9b-62a8-4781-9ebd-ce038a5318b6,"ООО ""ФЕНИКС""",7720422175,А40-48951/2024,0,да,ГЕНЕРАЛЬНЫЙ ДИРЕКТОР: Козлов Дмитрий Львович,772001001,1187746427494,23.04.2018,"111399, ГОРОД МОСКВА, ФЕДЕРАТИВНЫЙ ПРОСПЕКТ, ДОМ 5, КОРПУС 1, ЭТАЖ 1 ПОМ 1 КОМ 5 РМ1Л",,,,
https://kad.arbitr.ru/Card/5b2becb4-350c-479a-91f4-017cdb90e279,"ООО ""ВЕЛЕС""",7719473778,А40-48949/2024,3600000,нет,ГЕНЕРАЛЬНЫЙ ДИРЕКТОР: Кайнова Елена Сергеевна,771901001,5177746189275,10.11.2017,"105203, ГОРОД МОСКВА, НИЖНЯЯ ПЕРВОМАЙСКАЯ УЛИЦА, ДОМ 50, ПОМЕЩЕНИЕ 2",,,+7 (926) 759-25-89 ,masta2011iq@mail.ru
https://kad.arbitr.ru/Card/b57c2a64-19e6-4bc7-80de-c2dfd9e0e40d,"ТСЖ ""ОХОТНИЧЬЯ 6-1""",7718949510,А40-48946/2024,586899.65,нет,ПРЕДСЕДАТЕЛЬ ПРАВЛЕНИЯ: Крючкова Наталья Борисовна,771801001,1137746894560,30.09.2013,"107014, ГОРОД МОСКВА, ОХОТНИЧЬЯ УЛИЦА, ДОМ 6, КВАРТИРА 4",,,+7 (905) 510-51-55 ,e.klueva@mail.ru
https://kad.arbitr.ru/Card/bcbc3394-44bf-4741-906e-4afaf52cdecb,"ООО ""СМАРТПИТ""",7841089850,А40-48945/2024,324476.81,нет,ГЕНЕРАЛЬНЫЙ ДИРЕКТОР: Погарцева Елена Васильевна,784001001,1207800090453,24.07.2020,"191186, РОССИЯ, Г. САНКТ-ПЕТЕРБУРГ, ВН.ТЕР.Г. МУНИЦИПАЛЬНЫЙ ОКРУГ № 78, БОЛЬШАЯ МОРСКАЯ УЛ., Д. 18, ЛИТЕРА А, ПОМЕЩ. 1-Н, Ч.П. 578, 582, 583, 584, ЧАСТЬ Ч.П. 577",,info.smartfood@yandex.ru,,
https://kad.arbitr.ru/Card/a6383126-bd6d-47aa-b16d-ea06538fc9cc,"ООО ""МСК АЛЬЯНС""",9701135740,А40-48941/2024,7159929.24,нет,ГЕНЕРАЛЬНЫЙ ДИРЕКТОР: Сайко Максим Николаевич,770101001,1197746352176,30.05.2019,"105082, ГОРОД МОСКВА, БАЛАКИРЕВСКИЙ ПЕРЕУЛОК, ДОМ 1А, ПОМЕЩЕНИЕ 4 КОМНАТА 2",,,,
https://kad.arbitr.ru/Card/7264ff64-032e-4cf4-95b4-739f1bd05f90,"ООО ""ХОЛМИКС-ТРЕЙДИНГ""",7724893351,А40-48937/2024,558120.01,нет,ГЕНЕРАЛЬНЫЙ ДИРЕКТОР: Верьялов Виктор Витальевич,772401001,1137746928197,09.10.2013,"115230, ГОРОД МОСКВА, ХЛЕБОЗАВОДСКИЙ ПРОЕЗД, ДОМ 7, СТРОЕНИЕ 9, ОФИС 901",,,+7 (968) 668-94-46 ,mail@holmix.ru
https://kad.arbitr.ru/Card/cd3fb0b2-2715-43b5-a2ca-8fe7b38625c4,"ООО ""ФИТ""",7710293280,А40-48844/2024,549710.4,нет,"Управляющая организация: ПУБЛИЧНОЕ АКЦИОНЕРНОЕ ОБЩЕСТВО ""ДАЛЬНЕВОСТОЧНОЕ МОРСКОЕ ПАРОХОДСТВО""",770501001,1027739043023,05.08.2002,"115184, РОССИЯ, Г. МОСКВА, ВН.ТЕР.Г. МУНИЦИПАЛЬНЫЙ ОКРУГ ЗАМОСКВОРЕЧЬЕ, НОВОКУЗНЕЦКАЯ УЛ., Д. 7/11, СТР. 1, ЭТАЖ 3, КАБ. 338",,vvo@fesco.com,+7 (800) 234-44-99 ; +7 (914) 705-29-25 ; +7 (423) 252-14-14 ; +7 (423) 205-71-10 ; +7 (495) 730-01-40 ; +7 (495) 780-60-01 ; +7 (423) 252-11-05 ; +7 (495) 788-66-01 ; +7 (423) 252-12-55 ,fit-tender@fesco.com; salesvvo@fesco.com; aaegorov@fesco.com; mshilov@fesco.co; fesco@fesco.ru; fesco@fesco.com; vvo@mail.ru; sales@fesco.com; vvetolskiy@fesco.com
https://kad.arbitr.ru/Card/d002c031-9ddc-47a8-9429-35b6d5152212,"ООО ""ЭЛИТСТРОЙ""",5032342165,А40-48842/2024,9890868.94,нет,ДИРЕКТОР: Тупицын Дмитрий Владимирович,503201001,1225000061813,17.06.2022,"143026, РОССИЯ, МОСКОВСКАЯ ОБЛ., ОДИНЦОВСКИЙ Г.О., МАРФИНО Д., Д. 99, ОФИС 25",,elitstroi97@mail.ru,,
https://kad.arbitr.ru/Card/ca637437-4743-4d5f-bd05-d43e0667a468,"ООО ""ТД ФИРМА ""МЕРКУРИЙ""",9704044762,А40-48841/2024,2500000,нет,ГЕНЕРАЛЬНЫЙ ДИРЕКТОР: Митрофанов Дмитрий Геннадьевич,770401001,1217700021923,26.01.2021,"119435, РОССИЯ, Г. МОСКВА, ВН.ТЕР.Г. МУНИЦИПАЛЬНЫЙ ОКРУГ ХАМОВНИКИ, БОЛЬШОЙ САВВИНСКИЙ ПЕР., Д. 12, СТР. 12, ПОМЕЩ. 1, КОМ. 11",8 (8782) 26-42-97,kaluzhskii@td-mercury.org,,
https://kad.arbitr.ru/Card/3aac5239-c509-41ca-b51b-d756616ec8d8,"ООО ""СК БАЙ ИНВЕСТ""",7734473846,А40-48839/2024,494469,нет,ГЕНЕРАЛЬНЫЙ ДИРЕКТОР: Песляк Евгений Николаевич,773401001,1237700199252,14.03.2023,"123458, РОССИЯ, Г. МОСКВА, ВН.ТЕР.Г. МУНИЦИПАЛЬНЫЙ ОКРУГ СТРОГИНО, МАРШАЛА КАТУКОВА УЛ., Д. 24, К. 6, ПОМЕЩ. 101П, ОФИС 10М",,peslyak.yevgeniy@mail.ru,+7 (916) 180-65-65 ,peslyak.yevgeлiy@mai1.ru
https://kad.arbitr.ru/Card/1eafdf40-f309-449d-990e-5da4df6cb7fb,"ООО ""СКМ-20""",7743340218,А40-48838/2024,1673424.68,нет,ГЕНЕРАЛЬНЫЙ ДИРЕКТОР: Анпилов Дмитрий Александрович,774301001,1207700181941,03.06.2020,"125493, РОССИЯ, Г. МОСКВА, ВН.ТЕР.Г. МУНИЦИПАЛЬНЫЙ ОКРУГ ГОЛОВИНСКИЙ, СМОЛЬНАЯ УЛ., Д. 2, ПОМЕЩ. 5H/5, ОФИС А6Х",,,+7 (926) 472-38-99 ,ckm-20@mail.ru
https://kad.arbitr.ru/Card/55e7bbb7-3255-45df-a4f2-2d518f5e95dc,"ООО ""ИНВЕСТБЮРО""",7727396799,А40-48834/2024,11768909.79,нет,ГЕНЕРАЛЬНЫЙ ДИРЕКТОР: Якупова Нажия Зинняевна,770201001,1187746915883,06.11.2018,"107045, РОССИЯ, Г. МОСКВА, ВН.ТЕР.Г. МУНИЦИПАЛЬНЫЙ ОКРУГ МЕЩАНСКИЙ, СРЕТЕНКА УЛ., Д. 17, СТР. 1, ЭТАЖ МАНСАРДА, КОМН. 304",,,,
https://kad.arbitr.ru/Card/1fea9ee3-308a-42f8-84b3-222569c6bac7,"ООО ""МАСТЕР СТРОЙ""",7728900666,А40-48833/2024,2513298.04,нет,"Управляющая организация: АКЦИОНЕРНОЕ ОБЩЕСТВО ""СМАРТ ИНВЕСТ""",771801001,1147748028218,12.12.2014,"107564, РОССИЯ, Г. МОСКВА, ВН.ТЕР.Г. МУНИЦИПАЛЬНЫЙ ОКРУГ БОГОРОДСКОЕ, КРАСНОБОГАТЫРСКАЯ УЛ., Д. 38, СТР. 2, ПОМЕЩ. 1Н/4",,m.gorelik@c-k.ru,+7 (495) 500-00-20 ; +7 (916) 602-62-62 ,info@mstroymoscow.ru; m.gorelik@c-k.ru; obn-leonova@pik.ru
https://kad.arbitr.ru/Card/4e98371a-c1c9-4e2d-a38f-4f4218a535a7,"ООО ""КООПЕРАТИВ""",5827002740,А40-48829/2024,190699.27,нет,ГЕНЕРАЛЬНЫЙ ДИРЕКТОР: Пучков Константин Игоревич,582701001,1225800000590,28.01.2022,"442600, РОССИЯ, ПЕНЗЕНСКАЯ ОБЛ., СПАССКИЙ М.Р-Н, СПАССК Г., ГОРОД СПАССК Г.П., СПАССК Г., ЛЕНИНА УЛ., ЗД. 106, ОФИС 7",,,,
https://kad.arbitr.ru/Card/a4c2ac63-6eed-4ba8-b3d0-5ec4f3aa6f2b,"ООО ""ЭКОГРАД""",9200000244,А40-48827/2024,0,да,ГЕНЕРАЛЬНЫЙ ДИРЕКТОР: Чуйкин Денис Александрович,920001001,1209200005871,03.12.2020,"299014, РОССИЯ, Г. СЕВАСТОПОЛЬ, ВН.ТЕР.Г. ГАГАРИНСКИЙ МУНИЦИПАЛЬНЫЙ ОКРУГ, ПРАВДЫ УЛ., ЗД. 10/8, ОФИС 38",,,,
https://kad.arbitr.ru/Card/1348abea-6ebc-4ef8-85ec-0ac19fb61275,"ООО ""НВК""",7705845722,А40-48826/2024,139551.59,нет,ГЕНЕРАЛЬНЫЙ ДИРЕКТОР: Михальчук Вадим Сергеевич,770501001,1087746722293,06.06.2008,"115184, ГОРОД МОСКВА, ОЗЕРКОВСКИЙ ПЕРЕУЛОК, 12",8 (84465) 6-20-07,k.mikhalchuk@nvk-depo.ru,+7 (495) 988-37-31 ; +7 (345) 252-70-05 ; +7 (302) 375-22-22 ; +7 (495) 788-60-16 ; +7 (913) 647-73-10 ; +7 (927) 058-82-12 ; +7 (353) 726-90-15 ; +7 (848) 230-16-86 ; +7 (347) 240-19-88 ,dfo3@mil.ru; chief_ershov@2vrk.ru; o.gusak@vtk-orsk.ru; vedeco_moskovka@nvrk.ru; wekshca@yandex.ru
https://kad.arbitr.ru/Card/cabc9d88-8b76-4ec6-b4ca-084da9189a63,"ООО ""ФОРМАТ""",9724010031,А40-48825/2024,352007.23,нет,ГЕНЕРАЛЬНЫЙ ДИРЕКТОР: Шалыгин Иван Сергеевич,772401001,1207700135356,24.03.2020,"115404, ГОРОД МОСКВА, ЭЛЕВАТОРНАЯ УЛИЦА, ДОМ 14, КВАРТИРА 279",,,,
https://kad.arbitr.ru/Card/d23ed2cd-c81d-4605-8546-40fc10ccbab5,"ООО ""КПС""",7730258083,А40-48824/2024,1818055,нет,ГЕНЕРАЛЬНЫЙ ДИРЕКТОР: Дроздов Дмитрий Олегович,773001001,1207700236358,15.07.2020,"121059, ГОРОД МОСКВА, БЕРЕЖКОВСКАЯ НАБЕРЕЖНАЯ, ДОМ 20, СТРОЕНИЕ 10, Э 3 П 1 К 36",,,,
https://kad.arbitr.ru/Card/4d6d6cb8-c407-4534-abdb-88a7be033747,"ООО ""КПС""",7730258083,А40-48818/2024,1551010,нет,ГЕНЕРАЛЬНЫЙ ДИРЕКТОР: Дроздов Дмитрий Олегович,773001001,1207700236358,15.07.2020,"121059, ГОРОД МОСКВА, БЕРЕЖКОВСКАЯ НАБЕРЕЖНАЯ, ДОМ 20, СТРОЕНИЕ 10, Э 3 П 1 К 36",,,,
https://kad.arbitr.ru/Card/7d3ac370-a848-4667-9978-992c67c3424f,"ООО ""СИНЕРГИЯ""",5038125456,А40-48814/2024,1060127.57,нет,ГЕНЕРАЛЬНЫЙ ДИРЕКТОР: Вахтеров Сергей Викторович,503801001,1175050000476,18.01.2017,"141206, МОСКОВСКАЯ ОБЛ, ПУШКИНО Г, ДОБРОЛЮБОВА УЛ, Д. 20",,,+7 (916) 731-26-40 ,
https://kad.arbitr.ru/Card/48e186fa-eb46-4d58-9057-f2cbda458d8a,"ООО ""АВТОПРОГРЕСС""",7718963804,А40-48803/2024,192126.31,нет,ГЕНЕРАЛЬНЫЙ ДИРЕКТОР: Бедняков Александр Владимирович,770101001,1147746026240,20.01.2014,"105066, РОССИЯ, Г. МОСКВА, ВН.ТЕР.Г. МУНИЦИПАЛЬНЫЙ ОКРУГ БАСМАННЫЙ, СПАРТАКОВСКАЯ УЛ., Д. 19, СТР. 3А, ПОМЕЩ. 1/1",,,+7 (916) 181-41-64 ,
https://kad.arbitr.ru/Card/42fa2c59-65d1-4510-8382-99a19cd7272a,"ООО""НОВОТЕКСТРОЙ""",7718217637,А40-48797/2024,0,да,ГЕНЕРАЛЬНЫЙ ДИРЕКТОР: Каунин Альберт Вячеславович,772101001,1027700022437,11.07.2002,"109377, РОССИЯ, Г. МОСКВА, ВН.ТЕР.Г. МУНИЦИПАЛЬНЫЙ ОКРУГ РЯЗАНСКИЙ, 1-Я НОВОКУЗЬМИНСКАЯ УЛ., Д. 19, ПОМЕЩ. 1/3",8 (499) 970-07-02,,,
https://kad.arbitr.ru/Card/700cf13c-7d8f-4aba-975d-0e6c7be09e91,"ООО ""ЮНИ ТРАНС СЕРВИС""",7731664169,А40-48791/2024,177452.06,нет,ГЕНЕРАЛЬНЫЙ ДИРЕКТОР: Кузнецов Дмитрий Валентинович,771801001,1117746028069,20.01.2011,"107553, ГОРОД МОСКВА, ОКРУЖНОЙ ПРОЕЗД, ВЛД2А, СТР.1",,,,
https://kad.arbitr.ru/Card/d3f35885-6058-4b9f-b69e-ebccbe923881,"ООО ""КРОН""",3455001437,А40-48790/2024,0,да,ДИРЕКТОР: Залимханов Гаджимурад Гасанович,345501001,1133455001657,28.08.2013,"403023, ВОЛГОГРАДСКАЯ ОБЛАСТЬ, ГОРОДИЩЕНСКИЙ РАЙОН, КУЗЬМИЧИ ПОСЕЛОК, НЕФТЯНИКОВ УЛИЦА, 189, 12",,gemini000@mail.ru,+7 (872) 255-35-55 ; +7 (928) 894-23-24 ; +7 (928) 838-66-66 ,zalimkhanov@mail.ru; kron@mail.ru
https://kad.arbitr.ru/Card/fe97d3a3-8049-4661-86e4-b0dfa7c542d1,"ООО ""МАТЕН""",7714299854,А40-48789/2024,150000,нет,ГЕНЕРАЛЬНЫЙ ДИРЕКТОР: Голенко Андрей Георгиевич,773401001,1037714014910,18.02.2003,"123308, ГОРОД МОСКВА, МНЁВНИКИ УЛИЦА, ДОМ 3, КОРПУС 1, ЭТ 1 ПОМ II КОМ 1-5,10,11",,,+7 (495) 580-28-07 ; +7 (499) 496-35-00 ; +7 (495) 223-92-28 ; +7 (499) 946-35-00 ; +7 (499) 946-35-01 ; +7 (926) 229-09-52 ,maten2010@mail.ru; info@maten.su; maten2011@ya.ru
https://kad.arbitr.ru/Card/ccb2fa25-bf91-4c3e-8851-54b9a8a34985,"ООО ""НВК""",7705845722,А40-48787/2024,1193403.86,нет,ГЕНЕРАЛЬНЫЙ ДИРЕКТОР: Михальчук Вадим Сергеевич,770501001,1087746722293,06.06.2008,"115184, ГОРОД МОСКВА, ОЗЕРКОВСКИЙ ПЕРЕУЛОК, 12",8 (84465) 6-20-07,k.mikhalchuk@nvk-depo.ru,+7 (495) 988-37-31 ; +7 (345) 252-70-05 ; +7 (302) 375-22-22 ; +7 (495) 788-60-16 ; +7 (913) 647-73-10 ; +7 (927) 058-82-12 ; +7 (353) 726-90-15 ; +7 (848) 230-16-86 ; +7 (347) 240-19-88 ,dfo3@mil.ru; chief_ershov@2vrk.ru; o.gusak@vtk-orsk.ru; vedeco_moskovka@nvrk.ru; wekshca@yandex.ru
https://kad.arbitr.ru/Card/b4e1b5ec-6f1a-4f64-919c-b1b7ee16188b,"ООО ""МВМ""",7707548740,А40-48786/2024,2762140,нет,ГЕНЕРАЛЬНЫЙ ДИРЕКТОР: Ужахов Билан Абдурахимович,770101001,1057746840095,05.05.2005,"105066, ГОРОД МОСКВА, НИЖНЯЯ КРАСНОСЕЛЬСКАЯ УЛИЦА, ДОМ 40/12, КОРПУС 20, ЭТ 5 ПОМ II КОМ 3",8 (800) 250-25-25,24@mvideo.ru,+7 (346) 732-96-09 ,
https://kad.arbitr.ru/Card/202a323f-e670-4ce7-b3bf-680797f13f8f,"ООО ""СК БАЛАБАНОВ-ГРУПП""",9724017750,А40-48784/2024,700000,нет,ГЕНЕРАЛЬНЫЙ ДИРЕКТОР: Балабанов Федор Владимирович,772401001,1207700266773,31.07.2020,"115404, ГОРОД МОСКВА, 1-Я СТЕКОЛЬНАЯ УЛИЦА, ДОМ 7, КОРПУС 13, ЭТ 1 ПОМ II",,,,
https://kad.arbitr.ru/Card/a571cfb3-7797-4b07-a51c-50c39f860757,"ООО ТД ""ГРАНД ИНЖИНИРИНГ""",6671328908,А40-48782/2024,1028975.66,нет,Генеральный директор: Николаев Денис Алексеевич,667101001,1106671014966,05.08.2010,"620016, СВЕРДЛОВСКАЯ ОБЛАСТЬ, ЕКАТЕРИНБУРГ ГОРОД, АКАДЕМИКА ВОНСОВСКОГО УЛИЦА, 1, А",8 (343) 344-35-88,,+7 (343) 380-37-23 ; +7 (909) 010-11-88 ; +7 (909) 007-77-22 ,ponomarev@tdgi.ru; nikolaev@tdgi.ru
https://kad.arbitr.ru/Card/0416190a-71d5-4fd2-9b0e-d378df77f4cb,"ООО ""МОИС""",9709089252,А40-48781/2024,156654.35,нет,ГЕНЕРАЛЬНЫЙ ДИРЕКТОР: Корольков Алексей Владимирович,771401001,1227700910942,27.12.2022,"127083, РОССИЯ, Г. МОСКВА, ВН.ТЕР.Г. МУНИЦИПАЛЬНЫЙ ОКРУГ САВЕЛОВСКИЙ, СТАРЫЙ ПЕТРОВСКО-РАЗУМОВСКИЙ ПР-Д, Д. 5-13, ПОМЕЩ. 1П",,mos.industrial.union@yandex.ru,,
https://kad.arbitr.ru/Card/0d6abe0e-a16b-4435-9c2f-4d1d07b042e6,"ООО ""АЗИМУТ""",9725002805,А40-48778/2024,574048.75,нет,ГЕНЕРАЛЬНЫЙ ДИРЕКТОР: Соловьев Илья Юрьевич,772401001,1197746117238,18.02.2019,"115304, РОССИЯ, Г. МОСКВА, ВН.ТЕР.Г. МУНИЦИПАЛЬНЫЙ ОКРУГ ЦАРИЦЫНО, КАСПИЙСКАЯ УЛ., Д. 22, К. 1, СТР. 3, ЭТАЖ ЧЕРДАК, ПОМЕЩ./КОМ. I/14",,,,
https://kad.arbitr.ru/Card/dc94f8c3-1783-4a54-82eb-0b00013e6fdb,"ООО ""ТПК ""ПРИВОПЬЕ""",7743176818,А40-48774/2024,217675.98,нет,ГЕНЕРАЛЬНЫЙ ДИРЕКТОР: Сидоренко Анатолий Владимирович,774301001,5167746194127,11.10.2016,"125599, ГОРОД МОСКВА, БУСИНОВСКАЯ ГОРКА УЛИЦА, ДОМ 2, СТРОЕНИЕ 2, ЭТ 3 КОМ.6",,dir@privop.ru,+7 (926) 189-65-96 ,tempus.s@mail.ru
https://kad.arbitr.ru/Card/a65cd516-e607-44d4-b3e8-531affdce0b2,"ООО ""АП СТРОЙ""",7743330298,А40-48772/2024,450000,нет,ГЕНЕРАЛЬНЫЙ ДИРЕКТОР: Савостюков Дмитрий Александрович,771801001,1207700042417,05.02.2020,"107076, РОССИЯ, Г. МОСКВА, ВН.ТЕР.Г. МУНИЦИПАЛЬНЫЙ ОКРУГ СОКОЛЬНИКИ, КОЛОДЕЗНЫЙ ПЕР., Д. 2А, СТР. 2, ПОМЕЩ. XXV, КОМ. 1",,,+7 (926) 156-65-25 ,savostiukoff@list.ru
https://kad.arbitr.ru/Card/9a6cd288-bd19-4d8a-9056-e45365a2ce46,"ООО ""НГСИ""",7705965530,А40-48769/2024,8405192.34,нет,ГЕНЕРАЛЬНЫЙ ДИРЕКТОР: Сомов Виталий Сергеевич,772401001,1117746823677,17.10.2011,"117405, ГОРОД МОСКВА, КИРПИЧНЫЕ ВЫЕМКИ УЛИЦА, ДОМ 2, КОРПУС 1",,,+7 (499) 723-74-98 ,
https://kad.arbitr.ru/Card/cb974f52-8e90-4c54-857c-a15eadd6c0d9,"ООО ""СК ЦЕНТР""",5753066360,А40-48765/2024,132782.76,нет,ГЕНЕРАЛЬНЫЙ ДИРЕКТОР: Ладыгина Юлия Юрьевна,575301001,1165749059189,10.10.2016,"302016, ОРЛОВСКАЯ ОБЛАСТЬ, ОРЁЛ ГОРОД, МОПРА УЛИЦА, ДОМ 35, ЛИТЕРА А, ПОМЕЩЕНИЕ 1",8 (4862) 51-10-51,ck-center@mail.ru,+7 (486) 248-83-83 ; +7 (486) 249-00-69 ; +7 (846) 251-10-51 ; +7 (910) 269-74-04 ,s.altukhova.orel@bk.ru
https://kad.arbitr.ru/Card/c984bb71-c7aa-4a3e-ae62-4577086432d9,ООО БИГ,7702457827,А40-48758/2024,100000,нет,ГЕНЕРАЛЬНЫЙ ДИРЕКТОР: Чаплинская Александра Алексеевна,770201001,5187746003000,13.12.2018,"129110, ГОРОД МОСКВА, ОРЛОВО-ДАВЫДОВСКИЙ ПЕРЕУЛОК, ДОМ 1, Э 1 ПОМ III К 3 ОФ 127",,lena-lenina20@mail.ru,,
https://kad.arbitr.ru/Card/84c10a78-f8b2-4192-86d9-f63acbaa636c,"ООО ""ТОРГОВЫЙ ДОМ ""НАЗ""",7743286271,А40-48756/2024,25404528,нет,ГЕНЕРАЛЬНЫЙ ДИРЕКТОР: Гупанов Эдуард Александрович,774301001,5187746008775,17.12.2018,"141431, ГОРОД МОСКВА, ЛЕНИНГРАДСКОЕ ШОССЕ, ДОМ 300А, 14",,,+7 (930) 297-02-97 ; +7 (916) 562-33-47 ,tender@tdnaz.ru; natalya-valina@yandex.ru
https://kad.arbitr.ru/Card/7ec196ac-2a54-4856-a885-0a01bacbd7f6,"ООО ""ССК ""ГАЗРЕГИОН""",7729657870,А40-48754/2024,2344590,нет,ГЕНЕРАЛЬНЫЙ ДИРЕКТОР: Гараев Сергей Иванович,772901001,1107746473284,09.06.2010,"119415, ГОРОД МОСКВА, ВЕРНАДСКОГО ПРОСПЕКТ, ДОМ 53",,info@ssk-gaz.ru,+7 (495) 780-51-90 ; +7 (962) 912-78-26 ; +7 (495) 782-06-06 ,smirnov@ssk-gaz.ru; sinelnikov@ssk-gaz.ru; info@ssk-gaz.ru
https://kad.arbitr.ru/Card/0c645505-2c73-4d31-9f3f-1f46f3a6101d,"ООО ""ГРУППА ""АБРИС""",7731477056,А40-48752/2024,2736433.18,нет,"ГЕНЕРАЛЬНЫЙ ДИРЕКТОР: Карасев Алексей Иванович, ГЕНЕРАЛЬНЫЙ ДИРЕКТОР: Пугачев Борис Александрович",773101001,1147746922950,13.08.2014,"121596, ГОРОД МОСКВА, ГОРБУНОВА УЛИЦА, ДОМ 2, СТРОЕНИЕ 3, ОФИС В210",,,+7 (499) 377-76-22 ,info@abris.company; abris_2019@mail.ru
https://kad.arbitr.ru/Card/36854334-596d-4e56-a339-8909725be88a,"ООО ""ГЛАВМОНТАЖСТРОЙ""",7730699401,А40-48746/2024,704516,нет,ГЕНЕРАЛЬНЫЙ ДИРЕКТОР: Еремичев Сергей Викторович,773001001,5137746247040,27.12.2013,"121059, ГОРОД МОСКВА, БРЯНСКАЯ УЛИЦА, ДОМ 2, ЭТ АНТРЕСОЛЬ1 ПОМ III КАБ 8",8 (495) 708-31-35,ao@fortex-group.ru,+7 (495) 137-56-25 ,nfo@glavms.ru
https://kad.arbitr.ru/Card/fbc0aee1-b807-4ac5-a216-2051826fe46a,"ООО ""СНАБСЕРВИС""",6450112971,А40-48742/2024,3846150.93,нет,ГЕНЕРАЛЬНЫЙ ДИРЕКТОР: Мишин Сергей Вадимович,645001001,1216400008021,11.06.2021,"410031, РОССИЯ, САРАТОВСКАЯ ОБЛ., ГОРОД САРАТОВ Г.О., САРАТОВ Г., САРАТОВ Г., СОБОРНАЯ УЛ., Д. 42, ПОМЕЩЕНИЕ 2, ОФИС 407",,,,
https://kad.arbitr.ru/Card/2324cd90-4067-480d-857d-af187de3a221,"ТСЖ ""ПОКРОВСКОЕ-ГЛЕБОВО""",7733121930,А40-48740/2024,225653.63,нет,ПРЕДСЕДАТЕЛЬ ПРАВЛЕНИЯ: Романов Александр Николаевич,773301001,1027700475241,30.11.2002,"125367, ГОРОД МОСКВА, БЕРЕГОВАЯ УЛИЦА, 8, 1",,glebovo11@mail.ru,+7 (495) 500-02-24 ; +7 (495) 500-02-11 ,glebovo2008@mail.ru
https://kad.arbitr.ru/Card/2fd5b96f-9861-4156-ae12-06b577ec2ea9,"ООО ""УК ""ЖИЛИЩЕ""",7723887901,А40-48739/2024,795756.16,нет,ГЕНЕРАЛЬНЫЙ ДИРЕКТОР: Крахмаль Тамара Константиновна,772101001,5137746005799,29.10.2013,"109431, РОССИЯ, Г. МОСКВА, ВН.ТЕР.Г. МУНИЦИПАЛЬНЫЙ ОКРУГ ВЫХИНО-ЖУЛЕБИНО, АВИАКОНСТРУКТОРА МИЛЯ УЛ., Д. 24, ПОМЕЩ. 2/1",8 (499) 796-01-52,,+7 (499) 796-01-52 ,uk.gilishche@mail.ru
https://kad.arbitr.ru/Card/09a4b65d-2801-42da-9701-d7e351fd184f,"ООО ""НЕФТЕМАШСЕРВИС-С""",7713150403,А40-48731/2024,4545277.45,нет,ГЕНЕРАЛЬНЫЙ ДИРЕКТОР: Самедов Фикрат Адалят Оглы,771301001,1037739381822,03.02.2003,"127422, ГОРОД МОСКВА, ДМИТРОВСКИЙ ПРОЕЗД, ДОМ 4, ЭТ 1 ПОМ I КОМ 12А",8 (495) 390-99-63,neftemasch@mail.ru,+7 (499) 123-42-00 ,
https://kad.arbitr.ru/Card/5dc2b8ba-822d-4f4f-871d-af4c710274c4,"ООО ""КУЗНЕЦКИЙ МОСТ""",9705178670,А40-48730/2024,298187.46,нет,ГЕНЕРАЛЬНЫЙ ДИРЕКТОР: Кузнецов Вячеслав Владиславович,770501001,1227700603052,23.09.2022,"115035, РОССИЯ, Г. МОСКВА, ВН.ТЕР.Г. МУНИЦИПАЛЬНЫЙ ОКРУГ ЗАМОСКВОРЕЧЬЕ, САДОВНИЧЕСКАЯ УЛ., Д. 72, СТР. 1, ЭТАЖ/ПОМЕЩ. 1/III, КОМ./ОФИС 5/Л5А",,info@ku-m.ru,,
https://kad.arbitr.ru/Card/c824f9f0-0f58-4bbb-8702-80423478a890,"ООО ""ЭЛЛАДА ИНТЕРТРЕЙД""",3906072056,А40-48726/2024,1376826,нет,"ИСПОЛНЯЮЩИЙ ОБЯЗАННОСТИ ИСПОЛНИТЕЛЬНОГО ДИРЕКТОРА: Гиматдинов Валерий Шавкатович, ПРЕЗИДЕНТ-ГЕНЕРАЛЬНЫЙ ДИРЕКТОР: Петухов Евгений Анатольевич",390601001,1023901005754,22.11.2002,"236013, КАЛИНИНГРАДСКАЯ ОБЛАСТЬ, КАЛИНИНГРАД ГОРОД, МАГНИТОГОРСКАЯ УЛИЦА, ДОМ 4, ЛИТЕР Д4 Д4, КАБИНЕТ 1",,,+7 (911) 453-22-07 ; +7 (495) 927-38-69 ,glushchenkosn@kld.avtotor.ru; novikovaui@kld.avtotor.ru
https://kad.arbitr.ru/Card/333ef8c1-4fa5-43f8-ac96-818c8e0b3d38,"ООО ""АЛПАЙН ГРУПП"" ",9710077269,А40-48723/2024,20832522.58,нет,Директор: Тан Лин,771001001,1197746477213,29.07.2019,"125009, ГОРОД МОСКВА, СТРАСТНОЙ БУЛЬВАР, ДОМ 4, СТРОЕНИЕ 1, ЭТАЖ/ПОМ 4/II",,vgv0230@gmail.com,,
https://kad.arbitr.ru/Card/83f1fef2-28a1-4d0f-9c87-712753735713,"ООО ""ИСР""",7701896109,А40-48719/2024,2744150.68,нет,ГЕНЕРАЛЬНЫЙ ДИРЕКТОР: Ищенко Сергей Иванович,771301001,1107746914110,10.11.2010,"127591, ГОРОД МОСКВА, ДУБНИНСКАЯ УЛИЦА, ДОМ 81А, СТРОЕНИЕ 18, ЭТ 2 ПОМ 1 КОМ 8",,irsmsk@mail.ru,+7 (495) 565-41-35 ,isrmsk@mail.ru
https://kad.arbitr.ru/Card/da14a542-881e-46a5-9aed-4e7863c5e82c,"ООО ""ЦСП МБО""",7701291833,А40-48717/2024,394898.18,нет,ДИРЕКТОР: Платонова Вера Григорьевна,772501001,1027700014264,10.07.2002,"115419, РОССИЯ, Г. МОСКВА, ВН.ТЕР.Г. МУНИЦИПАЛЬНЫЙ ОКРУГ ДОНСКОЙ, ОРДЖОНИКИДЗЕ УЛ., Д. 11, СТР. 1А",,,+7 (495) 234-47-77 ,2344198@mail.ru
https://kad.arbitr.ru/Card/c7fa603e-b3da-4936-960f-e99601e7eca3,"ООО ""АЛЬФА-М""",7743931676,А40-48711/2024,534193.54,нет,ДИРЕКТОР: Михайленко Константин Викторович,774301001,1147746779025,09.07.2014,"125475, ГОРОД МОСКВА, КЛИНСКАЯ УЛИЦА, ДОМ 12, ПОМЕЩЕНИЕ II (КОМНАТЫ 9-13)",8 (351) 210-22-02,zholudeva.ksyusha@mail.ru,+7 (351) 210-22-02 ,1238@krasnoe-beloe.ru
https://kad.arbitr.ru/Card/f07ee0ab-3b6e-4135-8b3f-23d23ddeae56,"ООО ""ПЭК""",7721823853,А40-48709/2024,569000,нет,ДИРЕКТОР: Фирсова Ирина Владимировна,772101001,1147746182748,25.02.2014,"109428, ГОРОД МОСКВА, 1-Й ВЯЗОВСКИЙ ПРОЕЗД, ДОМ 4, СТРОЕНИЕ 19",8 (495) 660-11-11,pecom@pecom.ru,+7 (495) 660-11-11 ; +7 (345) 269-52-52 ; +7 (301) 220-41-61 ; +7 (910) 442-55-67 ; +7 (343) 317-93-20 ,forwork775@mail.ru; gbatd@mail.ru; pecom@pecom.ru; zakupkipecom@mail.ru
https://kad.arbitr.ru/Card/d75429f4-ff6d-493d-8891-61d8fd3f7ee2,"ООО ""РГ-ЭНЕРГОТРЕЙД""",7714366902,А40-48706/2024,178184.3,нет,"Управляющая организация: ОБЩЕСТВО С ОГРАНИЧЕННОЙ ОТВЕТСТВЕННОСТЬЮ ""РУСГРУПП""",770301001,5157746172513,17.12.2015,"123112, РОССИЯ, Г. МОСКВА, ВН.ТЕР.Г. МУНИЦИПАЛЬНЫЙ ОКРУГ ПРЕСНЕНСКИЙ, ПРЕСНЕНСКАЯ НАБ., Д. 12, ПОМЕЩ. 1/19",,et@rus.group,,
https://kad.arbitr.ru/Card/e03fe338-eb56-4867-976c-7004878df42e,"ООО ""СПЕЦИАЛИЗИРОВАННЫЙ ЗАСТРОЙЩИК ""МИЦ-МИЦ""",7702271396,А40-48704/2024,2203635.34,нет,ГЕНЕРАЛЬНЫЙ ДИРЕКТОР: Щёголев Алексей Леонидович,775101001,1037739460395,06.02.2003,"108836, РОССИЯ, Г. МОСКВА, ВН.ТЕР.Г. ПОСЕЛЕНИЕ ДЕСЕНОВСКОЕ, ЧАРОИТОВАЯ УЛ., Д. 1, К. 2, ПОМЕЩ. 127Н",8 (495) 212-22-43,info@mosipoteka.ru,+7 (495) 212-22-43 ,2122243@gk-mic.ru
https://kad.arbitr.ru/Card/2cbd8e93-791e-4b5a-9afd-e1974d7719eb,"ООО ""КРАСНЫЙ ГРАНАТ""",9717096408,А40-48700/2024,169473.51,нет,ГЕНЕРАЛЬНЫЙ ДИРЕКТОР: Кирюшина Анна Анатольевна,771701001,1207700424513,11.11.2020,"129085, ГОРОД МОСКВА, МИРА ПРОСПЕКТ, ДОМ 101, СТРОЕНИЕ 2, ЭТ 5 ПОМ I КОМ 2",,,+7 (495) 380-24-70 ,
https://kad.arbitr.ru/Card/e6aa680a-53c5-4018-afa2-4f3d7da8a465,"ООО ""СФЕРА""",9721128500,А40-48679/2024,1427780,нет,ГЕНЕРАЛЬНЫЙ ДИРЕКТОР: Сокольников Ярослав Аркадьевич,772101001,1217700216931,05.05.2021,"109202, РОССИЯ, Г. МОСКВА, ВН.ТЕР.Г. МУНИЦИПАЛЬНЫЙ ОКРУГ НИЖЕГОРОДСКИЙ, 2-Я КАРАЧАРОВСКАЯ УЛ., Д. 1, СТР. 1, ПОМЕЩ. 33/1",,,,
https://kad.arbitr.ru/Card/1202188d-c365-46a1-85c6-95bc6d227583,"ООО ""СТРОЙТЕК""",5029268698,А40-48676/2024,464963.01,нет,ГЕНЕРАЛЬНЫЙ ДИРЕКТОР: Мурзаканова Зарета Амдуловна,502901001,1225000028220,28.03.2022,"141009, РОССИЯ, МОСКОВСКАЯ ОБЛ., МЫТИЩИ Г.О., МЫТИЩИ Г., КОЛОНЦОВА УЛ., Д. 15, ОФИС 23/6",,murzakanovaz@inbox.ru,+7 (929) 940-12-04 ; +7 (909) 905-33-97 ,111@mai.ru
https://kad.arbitr.ru/Card/c30083a0-7adb-4bb0-9bca-4819924edd24,"ООО ""МТАЙ""",7536185116,А40-48675/2024,2757053.69,нет,ГЕНЕРАЛЬНЫЙ ДИРЕКТОР: Коноплёв Константин Юрьевич,753601001,1217500000783,12.02.2021,"672039, ЗАБАЙКАЛЬСКИЙ КРАЙ, ГОРОД ЧИТА Г.О., ЧИТА Г., ЧИТА Г., КИРОВА УЛ., Д. 41, КВ. 23",,mtai2021@mail.ru,,
https://kad.arbitr.ru/Card/1f5231e2-f2f5-4825-b048-42152b2725a6,"ООО ""ДУБРОВСКОЕ""",3245513870,А40-48674/2024,155925,нет,ДИРЕКТОР: Симкина Наталья Тимофеевна,324501001,1143256001712,13.02.2014,"242791, БРЯНСКАЯ ОБЛАСТЬ, РОГНЕДИНСКИЙ РАЙОН, ЛУТОВИНОВКА ДЕРЕВНЯ, САДОВАЯ УЛИЦА, ДОМ 8",,,+7 (483) 319-61-26 ; +7 (910) 334-13-20 ; +7 (848) 331-96-12 ,ooo.yablon@bk.ru
https://kad.arbitr.ru/Card/bbac91f2-ccaa-412b-9d7c-483028fe64a4,"ООО ""ЛИФТОГРАД""",7715927660,А40-48672/2024,2000000,нет,ГЕНЕРАЛЬНЫЙ ДИРЕКТОР: Неучев Николай Владимирович,772701001,1127746540283,12.07.2012,"117624, РОССИЯ, Г. МОСКВА, ВН.ТЕР.Г. МУНИЦИПАЛЬНЫЙ ОКРУГ ЮЖНОЕ БУТОВО, ПОЛЯНЫ УЛ., Д. 5А, К. 1, ПОМЕЩ. 7Н",,,,
https://kad.arbitr.ru/Card/6c187cc6-fc3d-4b5f-9444-92402ee7880f,"ООО ""СЕВИТ ГРУПП""",9729049635,А40-48667/2024,1000000,нет,ГЕНЕРАЛЬНЫЙ ДИРЕКТОР: Синатов Виталий Викторович,772901001,1177746025258,16.01.2017,"121471, ГОРОД МОСКВА, РЯБИНОВАЯ УЛИЦА, ДОМ 44, ЭТ 4 ПОМ I КОМ 51",,,+7 (925) 509-42-96 ,chek-lenta@yandex.ru
https://kad.arbitr.ru/Card/936f7628-d0ec-4572-9aed-4587a5fca398,"ООО ""АНАТЕКС""",9723060336,А40-48666/2024,401385.6,нет,ГЕНЕРАЛЬНЫЙ ДИРЕКТОР: Быданов Клим Сергеевич,771701001,1187746729037,06.08.2018,"129164, ГОРОД МОСКВА, РАКЕТНЫЙ БУЛЬВАР, ДОМ 16, ЭТ 1 ПОМ IV КОМ 54",,,,
https://kad.arbitr.ru/Card/56594f15-6322-4b1d-b41d-485771920212,"ООО ""ПАРМА""",3662208052,А40-48665/2024,6398517.05,нет,ГЕНЕРАЛЬНЫЙ ДИРЕКТОР: Кириченко Роман Викторович,366201001,1143668043970,05.09.2014,"394026, ВОРОНЕЖСКАЯ ОБЛ, ВОРОНЕЖ Г, СОЛНЕЧНАЯ УЛ, Д. 31, ОФИС 43",,,+7 (961) 188-47-77 ; +7 (473) 239-25-39 ,marketlogistic@inbox.ru
https://kad.arbitr.ru/Card/abc1c343-60af-4d3f-8da6-39d3794b8d7f,"ООО ""МКТ""",7811365157,А40-48660/2024,98447531.19,нет,ГЕНЕРАЛЬНЫЙ ДИРЕКТОР: Мельников Алексей Сергеевич,771801001,1079847067046,02.02.2007,"107061, Г МОСКВА, ПРЕОБРАЖЕНСКАЯ ПЛ, Д. 8, ЭТАЖ 27 - ПОМ. LXXXVI",,e.proshina@marvel.ru,+7 (812) 326-32-32 ; +7 (812) 326-32-32 ,i.tsvetkov@marvel.ru; i.tsvetkov@marvel.ru
https://kad.arbitr.ru/Card/51b70ce2-c42f-4987-ad96-0bf536e31c16,"ООО ""ГРОСА""",7743426507,А40-48657/2024,1291483.8,нет,ГЕНЕРАЛЬНЫЙ ДИРЕКТОР: Паршина Елена Николаевна,774301001,1237700612500,14.09.2023,"125493, РОССИЯ, Г. МОСКВА, ВН.ТЕР.Г. МУНИЦИПАЛЬНЫЙ ОКРУГ ГОЛОВИНСКИЙ, СМОЛЬНАЯ УЛ., Д. 12",,,,
https://kad.arbitr.ru/Card/bbdc8348-78f5-4b43-9cb9-ffcbfd27c98f,"ООО ""ТСИ""",1616031791,А40-48655/2024,7420314.22,нет,ГЕНЕРАЛЬНЫЙ ДИРЕКТОР: Насыров Ильдар Азатович,161601001,1181690104991,20.12.2018,"422701, РОССИЯ, РЕСП. ТАТАРСТАН, ВЫСОКОГОРСКИЙ М.Р-Н, ВЫСОКОГОРСКОЕ С.П., ТЕР. ПРОМЫШЛЕННАЯ ЗОНА ВЫСОКАЯ ГОРА, ЗД. 15/3, ОФИС 2.2",8 (843) 203-56-78,,+7 (843) 203-56-78 ,info-tsi@bk.ru
https://kad.arbitr.ru/Card/fe336c53-7790-4a46-b41a-1189531b7aae,"ООО ""АВТОСФЕРА""",5030096210,А40-48649/2024,5703401.9,нет,ГЕНЕРАЛЬНЫЙ ДИРЕКТОР: Ерофеев Андрей Николаевич,503001001,1195074006610,28.05.2019,"143370, МОСКОВСКАЯ ОБЛАСТЬ, НАРО-ФОМИНСК ГОРОД, КАЛИНИНЕЦ РАБОЧИЙ ПОСЕЛОК, РЫНОК ДУБКИ 2, ПОМЕЩЕНИЕ 29 ОФИС 22А",,,,
https://kad.arbitr.ru/Card/3b4a2903-5482-4370-b7bd-91ade2dbefd6,"ООО ""ЛЕГИОН СТРОЙ""",7802914989,А40-48648/2024,178980,нет,ГЕНЕРАЛЬНЫЙ ДИРЕКТОР: Филатова Анна Николаевна,780601001,1217800146794,22.09.2021,"195067, РОССИЯ, Г. САНКТ-ПЕТЕРБУРГ, ВН.ТЕР.Г. МУНИЦИПАЛЬНЫЙ ОКРУГ ПОЛЮСТРОВО, ЕКАТЕРИНИНСКИЙ ПР-КТ, Д. 3, ЛИТЕРА Б, ОФИС 43",,,+7 (905) 200-67-33 ,prokuraturaraiona@yandex.ru; legionstroy.marat@mail.ru
https://kad.arbitr.ru/Card/c8a91481-bfd9-40b9-bdb8-85d64388eaf5,"ООО ""АЦР""",7811381920,А40-48645/2024,0,да,ГЕНЕРАЛЬНЫЙ ДИРЕКТОР: Бендерский Григорий Петрович,781101001,1077847548514,16.08.2007,"192148, ГОРОД САНКТ-ПЕТЕРБУРГ, СЕДОВА УЛИЦА, ДОМ 13, КОРПУС 3, ЛИТЕР А, ПОМЕЩЕНИЕ 201",8 (812) 777-08-80,corporate@autoprodix.ru,+7 (921) 744-86-98 ,corporate@autoprodix.ru
https://kad.arbitr.ru/Card/d9586d19-ee3f-43b9-bf6b-650e8cace435,"ООО ""ММП""",7704470502,А40-48640/2024,46741381.47,нет,ГЕНЕРАЛЬНЫЙ ДИРЕКТОР: Трубецкой Виктор Иванович,771301001,5187746030126,27.12.2018,"125504, РОССИЯ, Г. МОСКВА, ВН.ТЕР.Г. МУНИЦИПАЛЬНЫЙ ОКРУГ ЗАПАДНОЕ ДЕГУНИНО, ДМИТРОВСКОЕ Ш., Д. 89",,,+7 (985) 649-83-73 ,
https://kad.arbitr.ru/Card/c4350021-14cc-41aa-9c4b-7863800bdb6e,"ООО ""КОНСТАНТА""",2263030506,А40-48639/2024,924274.69,нет,ДИРЕКТОР: Малеин Вадим Сергеевич,226301001,1202200016644,15.06.2020,"658059, РОССИЯ, АЛТАЙСКИЙ КРАЙ, ПЕРВОМАЙСКИЙ М.Р-Н, САННИКОВСКИЙ СЕЛЬСОВЕТ С.П., ФИРСОВО С., 2-Я МОХОВАЯ УЛ., ДВЛД. 61",,konstanta22@bk.ru,,
https://kad.arbitr.ru/Card/621f5ff9-da74-4a99-bac2-6747fe1c6f9c,"ООО ""ПОЛЯНКА""",7730306516,А40-48635/2024,1335000,нет,ГЕНЕРАЛЬНЫЙ ДИРЕКТОР: Гумеров Ренат Дамирович,773001001,1237700415810,16.06.2023,"121170, РОССИЯ, Г. МОСКВА, ВН.ТЕР.Г. МУНИЦИПАЛЬНЫЙ ОКРУГ ДОРОГОМИЛОВО, ПОКЛОННАЯ УЛ., Д. 5, СТР. 8, ПОМЕЩ. 264",,,,
https://kad.arbitr.ru/Card/5b2e54f2-f69e-46ea-b3f9-0360e61a7738,"ООО ""ВЕРШИНА""",7727440800,А40-48630/2024,0,да,ГЕНЕРАЛЬНЫЙ ДИРЕКТОР: Цадов Олег Витальевич,772701001,1207700095162,03.03.2020,"117452, РОССИЯ, Г. МОСКВА, ВН.ТЕР.Г. МУНИЦИПАЛЬНЫЙ ОКРУГ ЗЮЗИНО, ЧЕРНОМОРСКИЙ Б-Р, Д. 17, К. 1, ЭТАЖ/ПОМЕЩ. 5/I, ОФИС 360",,,+7 (969) 123-33-63 ,vershina_2021@mail.ru
https://kad.arbitr.ru/Card/dbeecac6-d556-4596-b04c-c60339048a0b,"ООО ""СК-АНТИКОР""",6623127239,А40-48624/2024,0,да,ДИРЕКТОР: Парфёнов Владимир Юрьевич,720301001,1186658044924,07.06.2018,"625023, ТЮМЕНСКАЯ ОБЛАСТЬ, ТЮМЕНЬ ГОРОД, ХАРЬКОВСКАЯ УЛИЦА, ДОМ 77, ОФИС 701",,,+7 (912) 201-18-00 ,sk-antikor@bk.ru; parfenov-007@mail.ru
https://kad.arbitr.ru/Card/b1d29fee-0e41-42d7-bfe8-8874c87e6acd,"ООО ""ИНЖСТРОЙ-ИННОВАЦИИ""",5050132940,А40-48622/2024,2860879.51,нет,ГЕНЕРАЛЬНЫЙ ДИРЕКТОР: Дурнаев Евгений Анатольевич,500301001,1175050006097,27.06.2017,"142700, МОСКОВСКАЯ ОБЛ, ВИДНОЕ Г, БЕЛОКАМЕННОЕ Ш, Д. 9, КОМНАТА 110",8 (495) 783-47-70,info@ingstroyinn.ru,+7 (495) 783-47-70 ; +7 (929) 989-77-00 ; +7 (905) 790-59-19 ,kazna@ingstroyinn.ru; o.ashkova@ingstroyinn.ru; info@ingstroyinn.ru; s.ponomarev@ingstroyinn.ru
https://kad.arbitr.ru/Card/c430649e-de34-4948-8324-a284162547f5,"ТСЖ ""ТСЖ ""ТРОФИМОВО""",7723330701,А40-48605/2024,529738.65,нет,ПРЕДСЕДАТЕЛЬ ПРАВЛЕНИЯ: Домбровский Антон Юрьевич,772301001,1037723010203,13.03.2003,"109432, ГОРОД МОСКВА, ТРОФИМОВА УЛИЦА, 10",8 (499) 234-25-74,,+7 (905) 584-72-33 ,tsgtrofimovo10@yandex.ru
https://kad.arbitr.ru/Card/805f1311-97c5-4029-bbe3-c45c7dc93767,"ООО ""МКТ""",7811365157,А40-48597/2024,9665362.42,нет,ГЕНЕРАЛЬНЫЙ ДИРЕКТОР: Мельников Алексей Сергеевич,771801001,1079847067046,02.02.2007,"107061, Г МОСКВА, ПРЕОБРАЖЕНСКАЯ ПЛ, Д. 8, ЭТАЖ 27 - ПОМ. LXXXVI",,e.proshina@marvel.ru,+7 (812) 326-32-32 ,i.tsvetkov@marvel.ru
https://kad.arbitr.ru/Card/b32487ee-ae2f-42f0-a847-913ebce267cb,"ООО ""ОКА-ФМ""",5077014171,А40-48596/2024,0,да,ГЕНЕРАЛЬНЫЙ ДИРЕКТОР: Староверов Дмитрий Владимирович,507701001,1025007770424,01.10.2002,"142253, МОСКОВСКАЯ ОБЛАСТЬ, СЕРПУХОВ ГОРОД, БОЛЬШЕВИК ПОСЕЛОК, ЛЕНИНА УЛИЦА, 11, ПОМ.2",8 (49677) 0-59-69,butrem@mail.ru,+7 (916) 115-97-19 ; +7 (496) 738-06-00 ,butrem@mail.ru; tsvetkova.oka-fm@mail.ru
https://kad.arbitr.ru/Card/78f3d41d-a9d8-4144-916c-559e9adb8da9,"ООО ""ЛЕВИТЭК""",7720269375,А40-48591/2024,1245937.5,нет,ГЕНЕРАЛЬНЫЙ ДИРЕКТОР: Осипов Алексей Сергеевич,772201001,1027720007369,12.11.2002,"109125, РОССИЯ, Г. МОСКВА, ВН.ТЕР.Г. МУНИЦИПАЛЬНЫЙ ОКРУГ ТЕКСТИЛЬЩИКИ, 1-Й САРАТОВСКИЙ ПР-Д, Д. 4, КАБ. 2",8 (495) 150-33-65,m.rahmatulina@levitek.ru,+7 (916) 138-49-18 ; +7 (495) 240-52-53 ; +7 (495) 240-52-52 ; +7 (495) 240-55-53 ,m.rahmatulina@levitek.ru; sales@vego-trade.ru; sales@vengo-trade.ru
https://kad.arbitr.ru/Card/45dc21bc-f847-48b7-a8ea-133eddbe6169,"ООО ""ГАРАНТ""",0608045277,А40-48586/2024,454735.93,нет,ГЕНЕРАЛЬНЫЙ ДИРЕКТОР: Газдиев Адам Магомедович,060801001,1170608002344,17.05.2017,"386102, РОССИЯ, РЕСП. ИНГУШЕТИЯ, ГОРОД НАЗРАНЬ Г.О., ЦЕНТРАЛЬНЫЙ ОКРУГ ТЕР., ПОБЕДЫ УЛ., Д. 54, ЭТАЖ 4/ОФИС 6",,juris_111@mail.ru,+7 (873) 455-12-89 ,f0060902@ing.kawkazrg.ru
https://kad.arbitr.ru/Card/9710b4f8-9be9-4f12-96a4-efa3508afb83,"ООО ""МАНОФЬЮТ""",7725284000,А40-48581/2024,200000,нет,ГЕНЕРАЛЬНЫЙ ДИРЕКТОР: Назаров Павел Павлович,772801001,1157746728193,07.08.2015,"117630, РОССИЯ, Г. МОСКВА, ВН.ТЕР.Г. МУНИЦИПАЛЬНЫЙ ОКРУГ ОБРУЧЕВСКИЙ, СТАРОКАЛУЖСКОЕ Ш., Д. 62, ПОМЕЩ. 1/2",8 (499) 110-23-45,manoffut@gmail.com,+7 (903) 786-05-27 ,manoffut@gmail.com
https://kad.arbitr.ru/Card/551160de-18e6-4dab-96ad-7d6d291e9500,"ООО ""ВОСТОЧНЫЙ ПОТОК""",7743242394,А40-48573/2024,629800,нет,ГЕНЕРАЛЬНЫЙ ДИРЕКТОР: Чеглаков Антон Алексеевич,773001001,1187746121001,05.02.2018,"121293, РОССИЯ, Г. МОСКВА, ВН.ТЕР.Г. МУНИЦИПАЛЬНЫЙ ОКРУГ ДОРОГОМИЛОВО, НЕВЕРОВСКОГО УЛ., Д. 10, СТР. 3А",,,+7 (917) 535-81-33 ,accountant@eaststream.pro
https://kad.arbitr.ru/Card/32d0953d-e31a-47fe-948c-9753cb1d1707,"ООО ""КАРАМЕЛЬ""",2636051068,А40-48570/2024,950750,нет,ГЕНЕРАЛЬНЫЙ ДИРЕКТОР: Долгарев Максим Александрович,263601001,1072635003748,01.03.2007,"355005, РОССИЯ, СТАВРОПОЛЬСКИЙ КРАЙ, ГОРОД СТАВРОПОЛЬ Г.О., СТАВРОПОЛЬ Г., Л.ТОЛСТОГО УЛ., Д. 121А, ОФИС 12",,,,
https://kad.arbitr.ru/Card/29d3f053-aa0f-45f2-9f0e-b87dedef5f71,"ООО ""ЖИЛЦЕНТР""",7721728416,А40-48565/2024,4595325.25,нет,ГЕНЕРАЛЬНЫЙ ДИРЕКТОР: Жуков Сергей Сергеевич,772201001,1117746500695,24.06.2011,"111024, РОССИЯ, Г. МОСКВА, ВН.ТЕР.Г. МУНИЦИПАЛЬНЫЙ ОКРУГ ЛЕФОРТОВО, АВИАМОТОРНАЯ УЛ., Д. 50, СТР. 2, ПОМЕЩ. 29/2",,jilcentr@yandex.ru,+7 (926) 715-84-18 ,svetlana147852@mail.ru
https://kad.arbitr.ru/Card/0a378e4c-37f8-4eca-9502-14ee2fbd9b94,"ООО ""АВТОВИЛЛА""",7805707941,А40-48559/2024,198000,нет,ГЕНЕРАЛЬНЫЙ ДИРЕКТОР: Доровский Никита Андреевич,780501001,1177847202158,08.06.2017,"198216, ГОРОД САНКТ-ПЕТЕРБУРГ, НАРОДНОГО ОПОЛЧЕНИЯ ПРОСПЕКТ, ДОМ 39, ЛИТЕР А, ПОМ. 4-Н ОФИС 10",,,+7 (981) 997-90-44 ,avtovillatender@gmail.com
https://kad.arbitr.ru/Card/59115778-21d4-4ae2-b497-f2d0d68b6e8a,"ООО ""ЭНКОМ""",7743668640,А40-48557/2024,1935574,нет,ГЕНЕРАЛЬНЫЙ ДИРЕКТОР: Дандре Георгий Андреевич,770801001,1077762950055,26.11.2007,"107140, РОССИЯ, Г. МОСКВА, ВН.ТЕР.Г. МУНИЦИПАЛЬНЫЙ ОКРУГ КРАСНОСЕЛЬСКИЙ, КРАСНОПРУДНАЯ УЛ., Д. 12/1, СТР. 1, ПОМЕЩ. 1/6",,info@enkom.biz,+7 (985) 970-45-95 ; +7 (495) 543-97-90 ; +7 (926) 900-02-11 ; +7 (495) 970-45-95 ,innanosik777@mail.ru; 9704595@gmail.com; info@enkom.biz; ostrekoza@enkom.biz; info@enkom.ru; tschugoreva@enkom.biz
https://kad.arbitr.ru/Card/f123de6d-d7eb-4814-b10a-adee56cc9d43,"ООО ""ЯНДЕКС.ТАКСИ""",7704340310,А40-48554/2024,136020,нет,ГЕНЕРАЛЬНЫЙ ДИРЕКТОР: Аникин Александр Михайлович,770301001,5157746192731,21.12.2015,"123112, ГОРОД МОСКВА, 1-Й КРАСНОГВАРДЕЙСКИЙ ПРОЕЗД, ДОМ 21, СТРОЕНИЕ 1, ПОМЕЩЕНИЕ 36.9 ЭТАЖ 36",8 (495) 739-70-00,corp@yandex-team.ru,+7 (495) 739-70-00 ,
https://kad.arbitr.ru/Card/ad572f80-4a7c-4722-87f9-6626b7823d7a,"ООО ""МОСТ ГРУПП""",7751157449,А40-48550/2024,365979.72,нет,ГЕНЕРАЛЬНЫЙ ДИРЕКТОР: Поздняков Евгений Юрьевич,773401001,1197746142494,25.02.2019,"123308, ГОРОД МОСКВА, 3-Й СИЛИКАТНЫЙ ПРОЕЗД, ДОМ 4, КОРПУС 1, ЭТАЖ 5 ПОМ II КОМ 15А 15Б",,,+7 (495) 602-00-60 ,sk@grupmost.ru
https://kad.arbitr.ru/Card/86ac918c-7333-4b58-a003-0048865d1109,"ООО ""ЛОГОЛИТ""",7733346549,А40-48547/2024,555018.58,нет,ГЕНЕРАЛЬНЫЙ ДИРЕКТОР: Маренин Денис Николаевич,773301001,1197746615670,16.10.2019,"125424, РОССИЯ, Г. МОСКВА, ВН.ТЕР.Г. МУНИЦИПАЛЬНЫЙ ОКРУГ ПОКРОВСКОЕ-СТРЕШНЕВО, СХОДНЕНСКИЙ ТУП., Д. 4",,,,
https://kad.arbitr.ru/Card/ed8eec41-5de5-46d5-8fee-e24f5a86c9e3,"ООО ""ПРЕМЬЕР-ТЕХНО""",7725406473,А40-48546/2024,1200000,нет,ГЕНЕРАЛЬНЫЙ ДИРЕКТОР: Куприянов Сергей Владимирович,772501001,5177746276153,30.11.2017,"115114, ГОРОД МОСКВА, 2-Й ПАВЕЛЕЦКИЙ ПРОЕЗД, ДОМ 5, СТРОЕНИЕ 1, Э 2 ПОМ IV К 18 ОФ 32",,,+7 (909) 672-02-70 ,
https://kad.arbitr.ru/Card/ef9537d0-f5a2-4d94-82e6-29166ee4c459,"ООО ""ГЕО-НДТ""",7715809681,А40-48538/2024,680000,нет,Генеральный директор: Волосевич Владислав Викторович,770501001,1107746375945,06.05.2010,"115114, РОССИЯ, Г. МОСКВА, ВН.ТЕР.Г. МУНИЦИПАЛЬНЫЙ ОКРУГ ЗАМОСКВОРЕЧЬЕ, ЛЕТНИКОВСКАЯ УЛ., Д. 4, СТР. 5, ПОМЕЩ./ОФИС/МАНСАРДА 5/1",,info@geo-ndt.ru,+7 (499) 343-65-76 ; +7 (812) 456-22-97 ,sf@geo-ndt.ru
https://kad.arbitr.ru/Card/d47a00cb-4766-4ba3-b3f7-68bf32695051,"ООО ""МЦЛТ""",7707788766,А40-48531/2024,120101,нет,ГЕНЕРАЛЬНЫЙ ДИРЕКТОР: Григорьянц Александр Григорьевич,770701001,1127747105760,01.11.2012,"127055, ГОРОД МОСКВА, НОВОСЛОБОДСКАЯ УЛИЦА, ДОМ 14/19, СТРОЕНИЕ 1, ЭТ П ПОМ III КОМ 1 ОФИС 20",,,+7 (985) 924-25-11 ,mcltlaser@gmail.com; kolchanovdmitry@gmail.com; ash@bmstu.ru
https://kad.arbitr.ru/Card/8f5f0e4a-965d-4931-b689-4f6ddaf0872b,"ООО ""СТРОЙИНВЕСТГРУП""",7730656045,А40-48526/2024,214513.38,нет,"Управляющая организация: ОБЩЕСТВО С ОГРАНИЧЕННОЙ ОТВЕТСТВЕННОСТЬЮ ""РАМАНТ ХОЛДИНГ""",770401001,1117746966237,29.11.2011,"121069, ГОРОД МОСКВА, БОЛЬШАЯ МОЛЧАНОВКА УЛИЦА, ДОМ 12, СТРОЕНИЕ 2",8 (495) 988-46-46,slavgorodskaya@dsinv.ru,,
https://kad.arbitr.ru/Card/a0da4310-3966-42ac-9af4-20ad96b8a2e8,"ООО ""КАСКАД""",7714439244,А40-48519/2024,425542.28,нет,ГЕНЕРАЛЬНЫЙ ДИРЕКТОР: Макешин Алексей Владимирович,771401001,1197746115500,15.02.2019,"125040, РОССИЯ, Г. МОСКВА, ВН.ТЕР.Г. МУНИЦИПАЛЬНЫЙ ОКРУГ БЕГОВОЙ, НИЖНЯЯ УЛ., Д. 14, СТР. 7, ЭТАЖ ЦОКОЛЬНЫЙ, ПОМЕЩ. 02",,,,
https://kad.arbitr.ru/Card/0ce8a494-ee2c-4ade-9ac7-c5394853bee8,"ООО ""МЕДИКАЛ ЭСТЕТИК""",2013006772,А40-48517/2024,653372.66,нет,ДИРЕКТОР: Отарова Белла Абдуловна,231101001,1172036005833,20.09.2017,"350062, РОССИЯ, КРАСНОДАРСКИЙ КРАЙ, ГОРОД КРАСНОДАР Г.О., КРАСНОДАР Г., КАЗБЕКСКАЯ УЛ., Д. 12, ОФИС 1",,td_natali@mail.ru,+7 (918) 624-35-24 ; +7 (988) 901-13-13 ,td_natali@mail.ru
https://kad.arbitr.ru/Card/fb9c6299-a311-4044-9cd6-b2f218e11888,"ООО ""5 ШАГОВ""",5001086680,А40-48503/2024,130073.75,нет,ГЕНЕРАЛЬНЫЙ ДИРЕКТОР: Кетова Любовь Николаевна,500101001,1125001000354,07.02.2012,"143900, МОСКОВСКАЯ ОБЛАСТЬ, БАЛАШИХА ГОРОД, ЛЕНИНА ПРОСПЕКТ, 57, ПОМ.65",,,,
https://kad.arbitr.ru/Card/dead452f-0328-4ebe-899e-f715469815d5,"ООО ""ПРИЮГАНСКОЕ""",9723161937,А40-48491/2024,23198177.48,нет,ГЕНЕРАЛЬНЫЙ ДИРЕКТОР: Вовк Александр Константинович,772201001,1227700434708,21.07.2022,"111024, РОССИЯ, Г. МОСКВА, ВН.ТЕР.Г. МУНИЦИПАЛЬНЫЙ ОКРУГ ЛЕФОРТОВО, АВИАМОТОРНАЯ УЛ., Д. 50, СТР. 2, ПОМЕЩ. 29/2",,,,
https://kad.arbitr.ru/Card/69830831-15c5-4f72-90a0-250fcf8c2e8c,"ООО ""МСК""",2373003784,А40-48481/2024,15708680.44,нет,ДИРЕКТОР: Ляшенко Валерий Сергеевич,771701001,1132373001617,08.05.2013,"129085, ГОРОД МОСКВА, МИРА ПРОСПЕКТ, ДОМ 101, СТР 1, ЭТАЖ 3 ПОМ I КОМН 16",,,+7 (862) 555-12-17 ; +7 (903) 455-71-79 ; +7 (928) 109-38-36 ,alex.a.sum@gmail.com; iccompany.ru@gmail.com
https://kad.arbitr.ru/Card/c3fbf06c-e764-42e3-854d-ed5afb62ea36,"ООО ""МФ ""ИНТЕРДИЗАЙН""",3906307090,А40-48474/2024,4138411.93,нет,ГЕНЕРАЛЬНЫЙ ДИРЕКТОР: Святовец Александр Григорьевич,391401001,1133926038003,16.10.2013,"238158, КАЛИНИНГРАДСКАЯ ОБЛАСТЬ, ЧЕРНЯХОВСКИЙ РАЙОН, ЧЕРНЯХОВСК ГОРОД, ПРОМЫШЛЕННАЯ УЛИЦА, ДОМ 9",8 (40141) 3-26-36,,+7 (906) 237-59-44 ; +7 (401) 413-26-36 ,v.beketova@id-mebel.ru; office@id-mebel.ru; director@id-factory.ru
https://kad.arbitr.ru/Card/6f644020-ff17-4752-91f4-5637beaa6707,"ООО ""РЭД РАББИТ""",9704043840,А40-48473/2024,207041.36,нет,ГЕНЕРАЛЬНЫЙ ДИРЕКТОР: Бабкин Александр Юрьевич,770401001,1217700013080,20.01.2021,"119270, РОССИЯ, Г. МОСКВА, ВН.ТЕР.Г. МУНИЦИПАЛЬНЫЙ ОКРУГ ХАМОВНИКИ, ЛУЖНЕЦКАЯ НАБ., Д. 2/4, СТР. 19, ЭТАЖ 1 ПОМЕЩ. V, КОМ. 6",8 (499) 742-16-51,hamanin000@yandex.ru,+7 (928) 854-54-96 ,torgi@redrab.ru
https://kad.arbitr.ru/Card/d377932f-7bdb-4906-8c6a-7b3a213efc78,"ООО ""ГЕОИЗОЛ""",7811077889,А40-48461/2024,58713729.96,нет,ГЕНЕРАЛЬНЫЙ ДИРЕКТОР: Лашкова Елена Борисовна,781301001,1027802515432,24.12.2002,"197046, ГОРОД САНКТ-ПЕТЕРБУРГ, БОЛЬШАЯ ПОСАДСКАЯ УЛИЦА, ДОМ 12, ЛИТЕР А, ПОМЕЩЕНИЕ 107-Н",8 (812) 337-53-13,info@geoizol.ru,+7 (812) 337-53-11 ,
https://kad.arbitr.ru/Card/16e32908-6c97-4253-a7e3-f9c82636185c,"ООО ""СДВГ""",7842198481,А40-48449/2024,144543.4,нет,ГЕНЕРАЛЬНЫЙ ДИРЕКТОР: Степанов Никита Леонидович,784201001,1217800192004,13.12.2021,"191036, РОССИЯ, Г. САНКТ-ПЕТЕРБУРГ, ВН.ТЕР.Г. МУНИЦИПАЛЬНЫЙ ОКРУГ СМОЛЬНИНСКОЕ, ВОССТАНИЯ УЛ., Д. 15, ЛИТЕРА А, ПОМЕЩ. 10Н, ОФИС 1",,,,
https://kad.arbitr.ru/Card/a2fb3841-a0e3-403d-a382-f114f1d83762,"ООО ""ИНЖЕНЕРНЫЕ СЕТИ""",7733425818,А40-48430/2024,519344.04,нет,ГЕНЕРАЛЬНЫЙ ДИРЕКТОР: Магомедов Гаджи Акаевич,773301001,1237700721862,25.10.2023,"125371, РОССИЯ, Г. МОСКВА, ВН.ТЕР.Г. МУНИЦИПАЛЬНЫЙ ОКРУГ ПОКРОВСКОЕ-СТРЕШНЕВО, ВОЛОКОЛАМСКОЕ Ш., Д. 116, ПОМЕЩ. 439",,y5959@yandex.ru,,
https://kad.arbitr.ru/Card/452f03ed-92a2-42a5-96dc-f125e5598d72,"ООО ""ДИЛАТТЕ-ГРУПП""",7720792031,А40-48419/2024,1074565.03,нет,ГЕНЕРАЛЬНЫЙ ДИРЕКТОР: Расеник Михаил Иванович,772001001,1137746873791,23.09.2013,"111558, РОССИЯ, Г. МОСКВА, ВН.ТЕР.Г. МУНИЦИПАЛЬНЫЙ ОКРУГ ИВАНОВСКОЕ, ФЕДЕРАТИВНЫЙ ПР-КТ, Д. 48, К. 1, ПОМЕЩ. 1/1",8 (495) 120-99-31,,+7 (926) 055-10-07 ,tomilovavera@mail.ru
https://kad.arbitr.ru/Card/84614722-ebb4-4eb2-8e51-8fa394bcf6a8,"ООО ТД ""ТЕХНОПОЛИС""",5034052158,А40-48416/2024,7766732.35,нет,ГЕНЕРАЛЬНЫЙ ДИРЕКТОР: Ельцов Алексей Вячеславович,503401001,1165034050917,08.07.2016,"142608, МОСКОВСКАЯ ОБЛАСТЬ, ОРЕХОВО-ЗУЕВО ГОРОД, ИВАНОВА УЛИЦА, ДОМ 8",,tehnopolis81@gmail.com,+7 (910) 404-27-73 ; +7 (926) 180-66-11 ,tehnopolis81@gmail.com; tulyev2016@gmail.com
https://kad.arbitr.ru/Card/bc22268b-7fcc-4c20-a087-a17791f48d16,"ООО ""ЦИФРА""",7704245507,А40-48412/2024,41812444.8,нет,ГЕНЕРАЛЬНЫЙ ДИРЕКТОР: Емельченков Сергей Евгеньевич,772901001,1027704005780,03.10.2002,"119311, ГОРОД МОСКВА, ВЕРНАДСКОГО ПРОСПЕКТ, ДОМ 6, ПОМЕЩЕНИЕ 528",,,+7 (495) 665-91-31 ; +7 (903) 729-00-84 ,oksana.drozdova@zyfra.com; ig.bogachev@gmail.com
https://kad.arbitr.ru/Card/5ff602bc-9271-4808-b88b-3f765557bdb5,"ООО ""ТКСК МОСТ""",5032074156,А40-48403/2024,9921373,нет,ГЕНЕРАЛЬНЫЙ ДИРЕКТОР: Детков Алексей Николаевич,775101001,1025004070926,15.12.2002,"108811, РОССИЯ, Г. МОСКВА, ВН.ТЕР.Г. ПОСЕЛЕНИЕ МОСКОВСКИЙ, КИЕВСКОЕ ШОССЕ 22-Й (П МОСКОВСКИЙ) КМ, ДВЛД. 4, СТР. 2, ПОМЕЩ. 68Н/2",,,+7 (963) 612-81-13 ,sekretar@tksk-most.ru
https://kad.arbitr.ru/Card/ea342f7d-040a-4a31-b6fe-ea547e0ce964,"ООО ""БИДЖИ ИНЖИНИРИНГ""",5047194537,А40-48401/2024,1114482.76,нет,ГЕНЕРАЛЬНЫЙ ДИРЕКТОР: Бабичук Владислав Александрович,504701001,1175029004787,13.02.2017,"141431, МОСКОВСКАЯ ОБЛАСТЬ, ХИМКИ ГОРОД, ПОДРЕЗКОВО МИКРОРАЙОН, НОВОЗАВОДСКАЯ (ПОДРЕЗКОВО МКР.) УЛ, ДОМ 12, ПОМЕЩЕНИЕ 1",,bk-miat@yandex.ru,+7 (916) 722-57-02 ; +7 (495) 260-80-85 ; +7 (917) 555-51-45 ,info.bgeng@gmail.com; info.bgengmos@mail.ru; info@bgeng.ru; ayu_garshin@rn-aero.ru
https://kad.arbitr.ru/Card/f7f4d917-d6c8-4409-a961-6982a25b5c91,"ООО ""АЛЬФА-М""",7743931676,А40-48400/2024,0,да,ДИРЕКТОР: Михайленко Константин Викторович,774301001,1147746779025,09.07.2014,"125475, ГОРОД МОСКВА, КЛИНСКАЯ УЛИЦА, ДОМ 12, ПОМЕЩЕНИЕ II (КОМНАТЫ 9-13)",8 (351) 210-22-02,zholudeva.ksyusha@mail.ru,+7 (351) 210-22-02 ,1238@krasnoe-beloe.ru
https://kad.arbitr.ru/Card/da765feb-78de-4aa3-87cb-beaedea13d34,"ООО ""ДЕКОР КОНЦЕПТ""",9717123186,А40-48385/2024,1603617.58,нет,ГЕНЕРАЛЬНЫЙ ДИРЕКТОР: Ахмедли Кенан Саяд Оглы,771701001,1227700724074,07.11.2022,"129515, РОССИЯ, Г. МОСКВА, ВН.ТЕР.Г. МУНИЦИПАЛЬНЫЙ ОКРУГ ОСТАНКИНСКИЙ, АКАДЕМИКА КОРОЛЕВА УЛ., Д. 13, СТР. 1, ПОМЕЩ. 3А/2, КОМ./ОФ. 5/208",,,,
https://kad.arbitr.ru/Card/95386cb9-ee24-4f3a-9c6b-14b2a153bcc3,"ООО ""ДЕКОР КОНЦЕПТ""",9717123186,А40-48383/2024,1538995.82,нет,ГЕНЕРАЛЬНЫЙ ДИРЕКТОР: Ахмедли Кенан Саяд Оглы,771701001,1227700724074,07.11.2022,"129515, РОССИЯ, Г. МОСКВА, ВН.ТЕР.Г. МУНИЦИПАЛЬНЫЙ ОКРУГ ОСТАНКИНСКИЙ, АКАДЕМИКА КОРОЛЕВА УЛ., Д. 13, СТР. 1, ПОМЕЩ. 3А/2, КОМ./ОФ. 5/208",,,,
https://kad.arbitr.ru/Card/51146828-e37b-464f-ae9d-231cba05e776,"ООО ""ПРОЕКТ АНТАРЕС""",7725372577,А40-48378/2024,236013.16,нет,ГЕНЕРАЛЬНЫЙ ДИРЕКТОР: Николова Оксана Васильевна,772501001,1177746460847,10.05.2017,"115114, РОССИЯ, Г. МОСКВА, ВН.ТЕР.Г. МУНИЦИПАЛЬНЫЙ ОКРУГ ДАНИЛОВСКИЙ, ДЕРБЕНЕВСКАЯ НАБ., Д. 7, СТР. 2, ПОМЕЩЕНИЕ 1, КОМ. 20",,,+7 (495) 795-13-99 ; +7 (916) 414-57-46 ; +7 (495) 784-12-25 ,finans24@icloud.com
https://kad.arbitr.ru/Card/ce8d8019-68f9-445d-8705-4418d30d8b69,"ООО ""СИЛКВЭЙ ГРУПП""",7724402370,А40-48376/2024,0,да,ГЕНЕРАЛЬНЫЙ ДИРЕКТОР: Бураковский Антон Олегович,772401001,1177746183185,22.02.2017,"115612, ГОРОД МОСКВА, БРАТЕЕВСКАЯ УЛИЦА, ДОМ 10, КОРПУС 4, ЭТ 1 КОМ 4 ОФ 1",,,,
https://kad.arbitr.ru/Card/524d9f3c-b50e-4ffe-9f60-430c62348d5d,"ООО ""ГЕНЕЗИС""",5501199604,А40-48358/2024,2334492.41,нет,ДИРЕКТОР: Сергеев Андрей Геннадьевич,550701001,1205500001992,29.01.2020,"644092, РОССИЯ, ОМСКАЯ ОБЛ., ГОРОД ОМСК Г.О., ОМСК Г., ОМСК Г., ПУТИЛОВА УЛ., Д. 3, КВ. 13",,,+7 (904) 829-77-56 ,
https://kad.arbitr.ru/Card/f6f620ea-9e12-4759-8a97-0045cba4a854,"ООО ""МЕТАЛЛ КЛИНЕР""",7751075595,А40-48353/2024,131031.09,нет,ГЕНЕРАЛЬНЫЙ ДИРЕКТОР: Семёнов Станислав Игоревич,772101001,1177746978991,19.09.2017,"109052, РОССИЯ, Г. МОСКВА, ВН.ТЕР.Г. МУНИЦИПАЛЬНЫЙ ОКРУГ НИЖЕГОРОДСКИЙ, РЯЗАНСКИЙ ПР-КТ, Д. 2, СТР. 49, ОФ. 505",,,,
https://kad.arbitr.ru/Card/9012e210-28a2-4496-a7b3-01594b78c868,"ООО ""СПЕЦТЕХНИКА""",6234198075,А40-48347/2024,199344.48,нет,ДИРЕКТОР: Настопырев Михаил Андреевич,623401001,1216200010960,30.11.2021,"390027, РОССИЯ, РЯЗАНСКАЯ ОБЛ, ГОРОД РЯЗАНЬ Г.О., РЯЗАНЬ Г, КАСИМОВСКОЕ Ш, Д. 57, К. 2, КВ. 70",,,,
https://kad.arbitr.ru/Card/d7e0c1b1-de83-4f9c-8b97-b1265f8e5298,"ООО ""ПРОФКОМ""",7116512931,А40-48339/2024,2103750,нет,ДИРЕКТОР: Сухорукова Людмила Николаевна,711601001,1147154032266,19.09.2014,"301622, ТУЛЬСКАЯ ОБЛАСТЬ, НОВОМОСКОВСКИЙ РАЙОН, НОВОМОСКОВСК ГОРОД, МИРА УЛИЦА, ДОМ 1Б, ОФИС 21",,,+7 (980) 728-77-70 ; +7 (910) 555-10-56 ,a.kudryavceva@servistula.com
https://kad.arbitr.ru/Card/606188f0-0ab8-4ac0-ba7d-5dc3acfe7d4b,"ООО ""СУ №24""",6732038765,А40-48336/2024,2775599.68,нет,ДИРЕКТОР: Батуро Павел Сергеевич,673201001,1126732007203,25.05.2012,"214013, СМОЛЕНСКАЯ ОБЛАСТЬ, СМОЛЕНСК ГОРОД, ЧЕРНЯХОВСКОГО УЛИЦА, 4, 1",8 (4812) 65-36-53,,+7 (481) 231-95-09 ; +7 (920) 301-82-12 ,su_24sd@mail.ru
https://kad.arbitr.ru/Card/44ef77c9-512b-4aa4-ad54-a48bd20b8e23,"ООО ""ТСК ""МЕГАПОЛИС""",0571001143,А40-48328/2024,3524358.47,нет,ГЕНЕРАЛЬНЫЙ ДИРЕКТОР: Хасаев Араби Алиевич,771701001,1120571000703,25.05.2012,"129515, РОССИЯ, Г. МОСКВА, ВН.ТЕР.Г. МУНИЦИПАЛЬНЫЙ ОКРУГ ОСТАНКИНСКИЙ, АКАДЕМИКА КОРОЛЕВА УЛ., Д. 13, СТР. 1, ПОМЕЩ. 3Н",,,+7 (872) 252-23-45 ; +7 (872) 255-23-14 ; +7 (872) 252-34-54 ; +7 (872) 265-55-34 ; +7 (920) 125-47-85 ; +7 (872) 255-34-78 ,umk@mail.ru; umk05@mail.ru
https://kad.arbitr.ru/Card/5e5e7693-1418-4347-9c7c-f50853bd6dd8,"ООО ""АГРОФИРМА ""СЕМАГРО""",7728598830,А40-48326/2024,10355664.8,нет,Генеральный директор: Рубинштейн Владимир Ильич,772801001,1067758699788,26.10.2006,"117246, ГОРОД МОСКВА, ОБРУЧЕВА УЛИЦА, ДОМ 55А, ЭТ 2 ПОМ III КОМ 14-19",8 (495) 718-33-33,,+7 (495) 718-33-33 ,
https://kad.arbitr.ru/Card/ac66a75b-87ce-4e81-a120-e33b9da3dd02,"ООО ""ТОЧКА ЗРЕНИЯ СПБ""",7804619481,А40-48320/2024,54742251.65,нет,ГЕНЕРАЛЬНЫЙ ДИРЕКТОР: Захаров Антон Владимирович,780601001,1187847122187,26.04.2018,"195027, РОССИЯ, Г. САНКТ-ПЕТЕРБУРГ, ВН.ТЕР.Г. МУНИЦИПАЛЬНЫЙ ОКРУГ БОЛЬШАЯ ОХТА, ЯКОРНАЯ УЛ., Д. 7А, ЛИТЕРА Д, ПОМЕЩ. 1.10",,,+7 (960) 252-58-01 ; +7 (962) 684-36-35 ,oksana.isee@gmail.com
https://kad.arbitr.ru/Card/c53d379d-f90f-4ecc-be97-471d4561f324,"ООО ""БАЗИССТАЛЬ ГРУПП СМ""",6732078849,А40-48316/2024,461547.99,нет,"УПРАВЛЯЮЩИЙ: Вабищевич Антон Леонтьевич, Управляющий - индивидуальный  предприниматель: Вабищевич Антон Леонтьевич",773101001,1146733017727,22.09.2014,"121352, РОССИЯ, Г МОСКВА, ВН.ТЕР.Г. МУНИЦИПАЛЬНЫЙ ОКРУГ ФИЛИ-ДАВЫДКОВО, СЛАВЯНСКИЙ Б-Р, Д. 9, К. 6, ПОМЕЩ. 3Ц",,,+7 (960) 588-94-00 ; +7 (906) 668-76-47 ; +7 (495) 134-25-05 ; +7 (375) 445-57-30 ,info@basissteel.ru; berulava@basissteel.ru; vg1208@mail.ru
https://kad.arbitr.ru/Card/60b5f837-cb80-446b-9ff5-60db3664b8c2,"ООО ""ВАЙН-БУТИК""",7716703783,А40-48312/2024,249362.66,нет,ГЕНЕРАЛЬНЫЙ ДИРЕКТОР: Коломийцев Арсений Михайлович,771601001,1117746982715,05.12.2011,"129329, ГОРОД МОСКВА, ИВОВАЯ УЛИЦА, 2",,,+7 (495) 232-07-00 ,
https://kad.arbitr.ru/Card/b944870d-67e5-4655-9cb2-85ea4d10b6b5,"ООО ""ВИННЫЙ КЛУБ""",8601058673,А40-48310/2024,272536.42,нет,"Управляющая организация: ОБЩЕСТВО С ОГРАНИЧЕННОЙ ОТВЕТСТВЕННОСТЬЮ ""АСТ МЕНЕДЖМЕНТ""",860101001,1168617071700,03.11.2016,"628007, ХАНТЫ-МАНСИЙСКИЙ АВТОНОМНЫЙ ОКРУГ - ЮГРА, ХАНТЫ-МАНСИЙСК ГОРОД, ШЕВЧЕНКО УЛИЦА, ДОМ 8, ПОМЕЩЕНИЕ 1007",,,+7 (922) 434-13-53 ,mail@wineclub.hm
https://kad.arbitr.ru/Card/76d15f50-3661-4e51-b075-ff71ae2ea9f7,"ООО ""ГП СВАРГО""",7727420201,А40-48306/2024,88444378.81,нет,ГЕНЕРАЛЬНЫЙ ДИРЕКТОР: Туркин Константин Владимирович,772701001,1197746347622,29.05.2019,"117292, РОССИЯ, Г. МОСКВА, ВН.ТЕР.Г. МУНИЦИПАЛЬНЫЙ ОКРУГ АКАДЕМИЧЕСКИЙ, ПРОФСОЮЗНАЯ УЛ., Д. 3",,,,
https://kad.arbitr.ru/Card/f17d7535-f7c8-44f7-8eda-b5ca6eae4c53,"ООО ""АВРОРА СК""",9704063606,А40-48305/2024,3062739,нет,ДИРЕКТОР: Хамитов Ислам Камилович,770401001,1217700212641,30.04.2021,"119048, РОССИЯ, Г. МОСКВА, ВН.ТЕР.Г. МУНИЦИПАЛЬНЫЙ ОКРУГ ХАМОВНИКИ, ЛУЖНИКИ УЛ., Д. 24, СТР. 22, ЭТАЖ 1, КОМ. 114",,info@zakon16.ru,+7 (987) 296-32-75 ; +7 (987) 296-32-75 ,
https://kad.arbitr.ru/Card/ea19558b-7398-4abf-ad4e-5fec72e32820,"ООО ""БЕРЕТОФФ""",6455070490,А40-48300/2024,235000,нет,ГЕНЕРАЛЬНЫЙ ДИРЕКТОР: Берет Александр Олегович,645501001,1186451011779,29.05.2018,"410012, РОССИЯ, САРАТОВСКАЯ ОБЛ., ГОРОД САРАТОВ Г.О., САРАТОВ Г., САРАТОВ Г., ИМ ГОРЬКОГО А.М. УЛ., ЗД. 30А, ОФИС 404",8 (8453) 56-83-65,,+7 (845) 356-83-65 ,
https://kad.arbitr.ru/Card/c1819442-f284-4bd1-8d4c-fea54303fa25,"ООО ""ССН МСК""",9702029060,А40-48294/2024,3186878,нет,ГЕНЕРАЛЬНЫЙ ДИРЕКТОР: Сивков Сергей Николаевич,770201001,1217700045210,05.02.2021,"129110, РОССИЯ, Г МОСКВА, ВН.ТЕР.Г. МУНИЦИПАЛЬНЫЙ ОКРУГ МЕЩАНСКИЙ, ОЛИМПИЙСКИЙ ПР-КТ, Д. 16, СТР. 5, ЭТАЖ 2, ПОМЕЩ./КОМ. I/21",,office@sevensuns.ru,,
https://kad.arbitr.ru/Card/6c6557d9-ef3c-4eea-a85e-121268284247,"ООО ""СЛИВКИН И КО""",1400008937,А40-48286/2024,0,да,ГЕНЕРАЛЬНЫЙ ДИРЕКТОР: Сливкин Роман Андреевич,140001001,1221400005551,12.05.2022,"678953, РЕСП. САХА /ЯКУТИЯ/, АЛДАНСКИЙ М.Р-Н, ТОММОТ Г., ГОРОД ТОММОТ Г.П., ТОММОТ Г., ЛЕНИНА УЛ., Д. 27, КВ. 2",,slivkiniko@gmail.com,,
https://kad.arbitr.ru/Card/5712b6b6-2efd-43c4-91b9-c38bd713e89e,"ООО ""БАЙКАЛ РАДИО""",3808270155,А40-48284/2024,0,да,ГЕНЕРАЛЬНЫЙ ДИРЕКТОР: Тюников Александр Иванович,380801001,1193850033156,20.11.2019,"664003, ИРКУТСКАЯ ОБЛАСТЬ, ИРКУТСК ГОРОД, БОГДАНА ХМЕЛЬНИЦКОГО УЛИЦА, ДОМ 36",,,,
https://kad.arbitr.ru/Card/86adaef5-f2e2-44f8-a617-cc67eb5706c6,"ООО ""ЭЛЕКТРОСАД""",1660306773,А40-48272/2024,1287189.51,нет,ДИРЕКТОР: Павлов Александр Владимирович,166001001,1181690003945,22.01.2018,"420087, РЕСПУБЛИКА ТАТАРСТАН, КАЗАНЬ ГОРОД, ГВАРДЕЙСКАЯ УЛИЦА, ДОМ 54, ЛИТЕР А ПОМЕЩЕНИЕ  1",,,,
https://kad.arbitr.ru/Card/1d27212d-da66-4aa5-ae18-531d5add6eea,"ООО ""ЭКОТРАСТ""",7743367474,А40-48270/2024,346707.44,нет,ГЕНЕРАЛЬНЫЙ ДИРЕКТОР: Альперович Лев Александрович,774301001,1217700468688,04.10.2021,"125080, РОССИЯ, Г. МОСКВА, ВН.ТЕР.Г. МУНИЦИПАЛЬНЫЙ ОКРУГ СОКОЛ, ВОЛОКОЛАМСКОЕ Ш., Д. 1, СТР. 1, КОМ. 7",,888mos17@gmail.com,,
https://kad.arbitr.ru/Card/6b6886e8-6c05-4b90-ab89-45073ad36a0f,"ООО ""ВОЛГАГАЗРЕМОНТ"", ООО ""ВГР""",5246047216,А40-48268/2024,4220000,нет,ГЕНЕРАЛЬНЫЙ ДИРЕКТОР: Аравин Алексей Александрович,575201001,1155246000414,24.03.2015,"302028, ОРЛОВСКАЯ ОБЛ, ОРЁЛ Г, САЛТЫКОВА-ЩЕДРИНА УЛ, Д. 34, ОФИС 307",,e.antonova@vgr-ast.ru,,
https://kad.arbitr.ru/Card/36a5e571-9ed4-431e-80a2-6475174520af,"ООО ""ДОРСТРОЙТРАНС""",6439088806,А40-48262/2024,168182.442,нет,ДИРЕКТОР: Колозян Карен Берикович,643901001,1156451021044,15.09.2015,"413864, САРАТОВСКАЯ ОБЛАСТЬ, БАЛАКОВО ГОРОД, 30 ЛЕТ ПОБЕДЫ УЛИЦА, ДОМ 36 Б, КВАРТИРА 48",8 (8453) 68-70-55,d.stroiservis@bk.ru,+7 (927) 120-70-74 ; +7 (927) 279-17-60 ,d.stroiservis@bk.ru
https://kad.arbitr.ru/Card/f306248f-c533-41aa-87a4-951588ae01cb,"ООО ""СК АЛЬФА-ГРУПП""",5024195157,А40-48257/2024,13072851.78,нет,ДИРЕКТОР: Латыпов Ильдус Линзович,771801001,1195081026250,12.04.2019,"107076, РОССИЯ, Г. МОСКВА, ВН.ТЕР.Г. МУНИЦИПАЛЬНЫЙ ОКРУГ СОКОЛЬНИКИ, КОЛОДЕЗНЫЙ ПЕР., Д. 2А, СТР. 1, ПОМЕЩ. 40Н",8 (843) 204-49-99,,+7 (960) 048-73-70 ; +7 (495) 969-03-02 ,office@alfagroupmsk.ru; office@alfagroumpmsk.ru
https://kad.arbitr.ru/Card/213c5911-48ac-4478-a269-282802317009,"ООО ""МАШИНКО""",7743829560,А40-48251/2024,195835.68,нет,ГЕНЕРАЛЬНЫЙ ДИРЕКТОР: Беленков Павел Игоревич,774301001,1117746735248,19.09.2011,"125195, ГОРОД МОСКВА, ЛЕНИНГРАДСКОЕ ШОССЕ, ДОМ 47, СТР. 2, 3 ЭТАЖ ПОМ. VII, КОМ.1,2",8 (495) 640-11-76,gavrilkin_i@np-com.ru,+7 (962) 360-52-57 ,
https://kad.arbitr.ru/Card/ec958a23-a03d-4390-9ad0-f92258e45188,"ООО ""СК АЛЬФА-ГРУПП""",5024195157,А40-48250/2024,12670029.12,нет,ДИРЕКТОР: Латыпов Ильдус Линзович,771801001,1195081026250,12.04.2019,"107076, РОССИЯ, Г. МОСКВА, ВН.ТЕР.Г. МУНИЦИПАЛЬНЫЙ ОКРУГ СОКОЛЬНИКИ, КОЛОДЕЗНЫЙ ПЕР., Д. 2А, СТР. 1, ПОМЕЩ. 40Н",8 (843) 204-49-99,,+7 (960) 048-73-70 ; +7 (495) 969-03-02 ,office@alfagroupmsk.ru; office@alfagroumpmsk.ru
https://kad.arbitr.ru/Card/b5f50c47-f980-4b76-8fc2-05cf651eff8f,"ООО ""ИМПЕРИЯ""",7710498168,А40-48248/2024,10918822.51,нет,ГЕНЕРАЛЬНЫЙ ДИРЕКТОР: Комарова Татьяна Михайловна,771001001,1157746558991,22.06.2015,"127006, ГОРОД МОСКВА, ВОРОТНИКОВСКИЙ ПЕРЕУЛОК, ДОМ 8, СТРОЕНИЕ 1, ПОМ I КОМ 10 ОФ 1 РМ 2/4",,4830158@mail.ru,+7 (977) 625-78-76 ,113@6694040.info
https://kad.arbitr.ru/Card/e9993181-399b-4964-81d5-14b2135d754a,"ООО ""МАШИНКО""",7743829560,А40-48246/2024,131610,нет,ГЕНЕРАЛЬНЫЙ ДИРЕКТОР: Беленков Павел Игоревич,774301001,1117746735248,19.09.2011,"125195, ГОРОД МОСКВА, ЛЕНИНГРАДСКОЕ ШОССЕ, ДОМ 47, СТР. 2, 3 ЭТАЖ ПОМ. VII, КОМ.1,2",8 (495) 640-11-76,gavrilkin_i@np-com.ru,+7 (962) 360-52-57 ; +7 (962) 360-52-57 ,
https://kad.arbitr.ru/Card/74dcbef8-abaa-402a-8e73-10fb39c188c1,"ЗАО ""МИРРА-М""",7728147280,А40-48244/2024,0,да,ГЕНЕРАЛЬНЫЙ ДИРЕКТОР: Самохвалов Даниил Васильевич,770101001,1027739000750,11.07.2002,"105082, РОССИЯ, Г. МОСКВА, ВН.ТЕР.Г. МУНИЦИПАЛЬНЫЙ ОКРУГ БАСМАННЫЙ, ПЕРЕВЕДЕНОВСКИЙ ПЕР., Д. 2, СТР. 2",8 (800) 100-01-78,pr@mirra.ru,+7 (495) 651-84-15 ,goszakupki@mirra.ru
https://kad.arbitr.ru/Card/c92dc3e4-b4ef-4313-a906-ea6fb6e2e363,"ООО ""МИЭЛ""",5036164033,А40-48233/2024,0,да,ДИРЕКТОР: Иванов Юрий Викторович,500101001,1165074060656,20.12.2016,"143915, РОССИЯ, МОСКОВСКАЯ ОБЛ., БАЛАШИХА Г.О., БАЛАШИХА Г., БАЛАШИХА Г., ЗАРЕЧНАЯ УЛ., Д. 31, ПОМЕЩ. 522",,acc@mitol.ru,+7 (926) 875-85-11 ; +7 (910) 498-85-31 ; +7 (495) 525-77-82 ,buh-mitol@mail.ru; sergey.kruchinin@list.ru; south-lift@yandex.ru; crysis25com@gmail.com
https://kad.arbitr.ru/Card/452589d9-e508-4532-9c26-442792a28e39,"ООО ""ОПТИМА""",7703100210,А40-48231/2024,2880703.94,нет,ГЕНЕРАЛЬНЫЙ ДИРЕКТОР: Хорин Сергей Иванович,770301001,1157746162089,04.03.2015,"123557, ГОРОД МОСКВА, БОЛЬШОЙ ТИШИНСКИЙ ПЕРЕУЛОК, ДОМ 26, КОРПУС 13-14, ПОМЕЩЕНИЕ XII КОМН 2",8 (495) 369-33-31,,+7 (495) 936-37-36 ; +7 (495) 369-33-31 ,sek-eco@yo.ru
https://kad.arbitr.ru/Card/0b6c2e5d-b581-4469-a26b-e7b0c0d6dbf1,"ООО ""ОБЪЕДИНЁННАЯ ТРАНСПОРТНАЯ КОМПАНИЯ""",7716955861,А40-48225/2024,131563.1,нет,ГЕНЕРАЛЬНЫЙ ДИРЕКТОР: Петров Олег Олегович,771601001,1217700172249,12.04.2021,"129327, РОССИЯ, Г. МОСКВА, ВН.ТЕР.Г. МУНИЦИПАЛЬНЫЙ ОКРУГ БАБУШКИНСКИЙ, КОМИНТЕРНА УЛ., Д. 20/2, ПОМЕЩ. 1, ЭТ/КОМ/Р.М. 1/3/12А",,,,
https://kad.arbitr.ru/Card/d9ac7c5e-1496-4352-a3a9-0676622c759f,"ООО ""АЛ-НЕДВИЖИМОСТЬ""",7701839213,А40-48217/2024,0,да,ГЕНЕРАЛЬНЫЙ ДИРЕКТОР: Шерман Владимир Ефимович,770901001,1097746302906,21.05.2009,"105005, ГОРОД МОСКВА, РАДИО УЛИЦА, ДОМ 10, СТРОЕНИЕ 5, КОМНАТА 9",,olga.kaluzhskaya@ritzio.com,+7 (495) 980-73-01 ; +7 (495) 980-73-01 ,
https://kad.arbitr.ru/Card/68d87f5d-d94e-42f4-80db-568423e81335,"ООО ""АВТОЛОГИСТИК-С""",5003139345,А40-48216/2024,5117808.74,нет,ГЕНЕРАЛЬНЫЙ ДИРЕКТОР: Амирбеков Сулейман Амирбекович,500301001,1205000040640,22.05.2020,"142718, МОСКОВСКАЯ ОБЛАСТЬ, ВИДНОЕ ГОРОД, БИТЦА ПОСЕЛОК, СТРОЕНИЕ 11, ПАВИЛЬОН 2-31 А-Б",,,,
https://kad.arbitr.ru/Card/0542a031-ed7c-41f9-9199-f595af58cd8b,"ООО ""ЕВРАЗИЯБРОКЕР""",7705740430,А40-48208/2024,196919.2,нет,ГЕНЕРАЛЬНЫЙ ДИРЕКТОР: Антипова Ирина Леонидовна,771601001,1067746780200,06.07.2006,"129344, ГОРОД МОСКВА, ИСКРЫ УЛИЦА, ДОМ 17А, СТРОЕНИЕ 2, ЭТАЖ 4 ОФИС 35",,,,
https://kad.arbitr.ru/Card/3dbde3c3-97e3-4ccf-834a-8c4c3ec6c926,"ООО ""МАШИНКО""",7743829560,А40-48202/2024,156298.11,нет,ГЕНЕРАЛЬНЫЙ ДИРЕКТОР: Беленков Павел Игоревич,774301001,1117746735248,19.09.2011,"125195, ГОРОД МОСКВА, ЛЕНИНГРАДСКОЕ ШОССЕ, ДОМ 47, СТР. 2, 3 ЭТАЖ ПОМ. VII, КОМ.1,2",8 (495) 640-11-76,gavrilkin_i@np-com.ru,+7 (962) 360-52-57 ,
https://kad.arbitr.ru/Card/192216a6-59d1-4f89-9f81-c315f2149972,"ООО ""ЕВРАЗИЯБРОКЕР""",7705740430,А40-48201/2024,10774371.38,нет,ГЕНЕРАЛЬНЫЙ ДИРЕКТОР: Антипова Ирина Леонидовна,771601001,1067746780200,06.07.2006,"129344, ГОРОД МОСКВА, ИСКРЫ УЛИЦА, ДОМ 17А, СТРОЕНИЕ 2, ЭТАЖ 4 ОФИС 35",,,,
https://kad.arbitr.ru/Card/0c62493a-f830-41e3-a2e6-93015a2224d0,"ООО ""БУРСТРОЙМОНТАЖ""",5610243250,А40-48189/2024,5468103.26,нет,ДИРЕКТОР: Холин Андрей Алексеевич,561001001,1215600011307,12.11.2021,"460048, РОССИЯ, ОРЕНБУРГСКАЯ ОБЛ., ГОРОД ОРЕНБУРГ Г.О., ОРЕНБУРГ Г., ШЕВЧЕНКО УЛ., Д. 38, КВ. 6",,,,
https://kad.arbitr.ru/Card/ec5a38f5-8759-4f48-9680-93ab5499f757,"ООО ""ТРЕНД МЕДИА""",5050148643,А40-48182/2024,172704.12,нет,ГЕНЕРАЛЬНЫЙ ДИРЕКТОР: Кожемякин Александр Васильевич,505001001,1205000101734,09.11.2020,"141100, МОСКОВСКАЯ ОБЛАСТЬ, ЩЁЛКОВО ГОРОД, ФРЯНОВСКОЕ ШОССЕ, ДОМ 72, КОРПУС 1, ЭТАЖ/ПОМЕЩЕНИЕ/КОМНАТА 3/2/7",,,,
https://kad.arbitr.ru/Card/a1d0fd49-e7a4-41bd-9d0e-c654b2464a74,"ООО ""МАШТЕХРЕМОНТ-СЕРВИС""",8603133220,А40-48181/2024,0,да,Управляющий - индивидуальный  предприниматель: Мытницкий Юрий Александрович,860301001,1068603062263,17.05.2006,"628600, ХАНТЫ-МАНСИЙСКИЙ АВТОНОМНЫЙ ОКРУГ - ЮГРА, НИЖНЕВАРТОВСК ГОРОД, ИНДУСТРИАЛЬНАЯ УЛИЦА, ЗАПАДНЫЙ ПРОМЫШЛЕННЫЙ УЗЕЛ 46, 18, ПАНЕЛЬ 14",8 (3466) 29-62-40,mtr-1@bk.ru,+7 (346) 629-62-40 ; +7 (346) 661-35-67 ,mtr-1@bk.ru
https://kad.arbitr.ru/Card/fabf2423-fd71-4699-acc7-f9f756b378c7,"ООО ""АНБАУ""",7702800032,А40-48179/2024,1069544.6,нет,ГЕНЕРАЛЬНЫЙ ДИРЕКТОР: Канакин Александр Федорович,771501001,1127747058670,18.10.2012,"127549, ГОРОД МОСКВА, БИБИРЕВСКАЯ УЛИЦА, ВЛД 4, ЭТАЖ 3 КОМНАТА 308",,,+7 (906) 758-14-48 ; +7 (906) 758-14-48 ,
https://kad.arbitr.ru/Card/7fce5316-9fbd-4eb7-b939-1b84a8713cde,"ООО ""ОКМЕД""",7713454472,А40-48176/2024,1509198.82,нет,ГЕНЕРАЛЬНЫЙ ДИРЕКТОР: Пешкова Яна Владимировна,770401001,1187746228460,02.03.2018,"121069, ГОРОД МОСКВА, ПОВАРСКАЯ УЛИЦА, ДОМ 10, СТРОЕНИЕ 1, ЭТАЖ М ОФИС 701",,,+7 (903) 599-38-65 ,
https://kad.arbitr.ru/Card/f1a3e18f-443c-4404-9dfc-3f94d1ba75b3,"ООО ""МАШИНКО""",7743829560,А40-48173/2024,154474.26,нет,ГЕНЕРАЛЬНЫЙ ДИРЕКТОР: Беленков Павел Игоревич,774301001,1117746735248,19.09.2011,"125195, ГОРОД МОСКВА, ЛЕНИНГРАДСКОЕ ШОССЕ, ДОМ 47, СТР. 2, 3 ЭТАЖ ПОМ. VII, КОМ.1,2",8 (495) 640-11-76,gavrilkin_i@np-com.ru,+7 (962) 360-52-57 ,
https://kad.arbitr.ru/Card/d530dc8c-468f-45f9-8edc-e52a0b79e796,"ООО ""АЙРОНКАТ""",6686007520,А40-48160/2024,871200,нет,ГЕНЕРАЛЬНЫЙ ДИРЕКТОР: Лебедь Дмитрий Александрович,668601001,1126686008602,24.04.2012,"620012, СВЕРДЛОВСКАЯ ОБЛ, ЕКАТЕРИНБУРГ Г, МАШИНОСТРОИТЕЛЕЙ УЛ, СТР. 19, ОФИС 694",8 (343) 380-55-77,yapn@ironcut.ru,+7 (343) 380-55-77 ; +7 (343) 380-55-77 ,yapn@ironcut.ru; yapn@ironcut.ru
https://kad.arbitr.ru/Card/494abba8-f585-40e1-af3a-dab07aaa62d0,"ООО ""ПРОГРЕСС-2020""",9718185192,А40-48158/2024,1002857.72,нет,ГЕНЕРАЛЬНЫЙ ДИРЕКТОР: Жучков Павел Анатольевич,771801001,1227700042118,02.02.2022,"107014, РОССИЯ, Г. МОСКВА, ВН.ТЕР.Г. МУНИЦИПАЛЬНЫЙ ОКРУГ СОКОЛЬНИКИ, ЕГЕРСКАЯ УЛ., Д. 1, ПОМЕЩ. 3А/1",,2000.progress@bk.ru,,
https://kad.arbitr.ru/Card/26d28ce6-7423-4387-9551-575606b550be,"ООО ""ФИТНЕС ОДИНЦОВО""",5032214371,А40-48152/2024,31704337,нет,ГЕНЕРАЛЬНЫЙ ДИРЕКТОР: Козлов Антон Александрович,503201001,1155032009307,27.08.2015,"143002, МОСКОВСКАЯ ОБЛАСТЬ, ОДИНЦОВО ГОРОД, ВНИИССОК ПОСЕЛОК, ДЕНИСА ДАВЫДОВА УЛИЦА, ДОМ 15",,anna.belorusskaya@loder.ru,+7 (968) 968-16-47 ; +7 (968) 968-16-47 ,anna.belorusskaya@loder.ru; anna.belorusskaya@loder.ru
https://kad.arbitr.ru/Card/b63599f2-3497-403b-bccf-1dec54f02477,"ООО ""СМЛ""",7751520447,А40-48138/2024,539809.9,нет,ГЕНЕРАЛЬНЫЙ ДИРЕКТОР: Шиленков Андрей Михайлович,771801001,1147746422416,16.04.2014,"107113, ГОРОД МОСКВА, СОКОЛЬНИЧЕСКАЯ ПЛОЩАДЬ, ДОМ 4А, ПОМ III КОМН 34",,info@vashbuhaudit.ru,+7 (985) 232-93-40 ,smlogic@mail.ru
https://kad.arbitr.ru/Card/d2192dbc-53be-44fa-9df5-4b40ecb6ca2b,"ООО ""ПЦФК""",7723721720,А40-48137/2024,175332.35,нет,ГЕНЕРАЛЬНЫЙ ДИРЕКТОР: Гусева Марина Александровна,772101001,1097746398804,22.07.2009,"109125, ГОРОД МОСКВА, ВОЛЖСКИЙ БУЛЬВАР, 11, 251",8 (495) 410-62-30,,+7 (495) 410-62-30 ; +7 (495) 410-62-30 ,
https://kad.arbitr.ru/Card/5985c9b5-d970-4c05-913f-b797925b4487,"ООО ""ПУМБ ""ЭКСИТОН""",7735150534,А40-48132/2024,319612.82,нет,ДИРЕКТОР: Лели Николай Андреевич,773501001,1167746194934,20.02.2016,"124365, ГОРОД МОСКВА, ЗЕЛЕНОГРАД ГОРОД, ЗАВОДСКАЯ УЛИЦА, ДОМ 21А, СТРОЕНИЕ 16",8 (499) 717-21-11,7172100@gmail.com,+7 (499) 717-21-11 ,7172100@gmail.com
https://kad.arbitr.ru/Card/f2fd7ee0-64f6-4925-98d5-b7cfdcaedfc3,"ООО ""КАСТОРАМА РУС""",7703528301,А40-48130/2024,387625.68,нет,ГЕНЕРАЛЬНЫЙ ДИРЕКТОР: Соколов Дмитрий Александрович,770501001,1047796688554,15.09.2004,"115054, РОССИЯ, Г. МОСКВА, ВН.ТЕР.Г. МУНИЦИПАЛЬНЫЙ ОКРУГ ЗАМОСКВОРЕЧЬЕ, КОСМОДАМИАНСКАЯ НАБ., Д. 52, СТР. 1",8 (800) 500-51-50,info@castorama.ru,+7 (496) 228-35-97 ,
https://kad.arbitr.ru/Card/afc02236-bcbb-4505-81bc-e32c63e5212e,"ООО ""ВАФИ-ТРАНС""",7811583998,А40-48119/2024,125000,нет,ГЕНЕРАЛЬНЫЙ ДИРЕКТОР: Кондратьев Сергей Васильевич,784201001,1147847235249,03.07.2014,"191124, ГОРОД САНКТ-ПЕТЕРБУРГ, НОВГОРОДСКАЯ УЛИЦА, ДОМ 23, ЛИТЕР А, ПОМЕЩЕНИЕ 104Н 227",,,,
https://kad.arbitr.ru/Card/213ce465-0f59-41c6-905a-68e570c9edd1,"ООО ""КАСТОРАМА РУС""",7703528301,А40-48116/2024,251484.96,нет,ГЕНЕРАЛЬНЫЙ ДИРЕКТОР: Соколов Дмитрий Александрович,770501001,1047796688554,15.09.2004,"115054, РОССИЯ, Г. МОСКВА, ВН.ТЕР.Г. МУНИЦИПАЛЬНЫЙ ОКРУГ ЗАМОСКВОРЕЧЬЕ, КОСМОДАМИАНСКАЯ НАБ., Д. 52, СТР. 1",8 (800) 500-51-50,info@castorama.ru,+7 (496) 228-35-97 ,
https://kad.arbitr.ru/Card/009ca17c-ea2f-4002-9b17-ab5d09a06e4d,"ООО ""А КАПИТАЛ""",9704207015,А40-48115/2024,871421.94,нет,ДИРЕКТОР: Жовтобрюх Валерий Григорьевич,770401001,1237700242647,28.03.2023,"119019, РОССИЯ, Г. МОСКВА, ВН.ТЕР.Г. МУНИЦИПАЛЬНЫЙ ОКРУГ АРБАТ, АРБАТ УЛ., Д. 4, СТР. 3, ПОМЕЩ. 34",,vip-76@mail.ru,,
https://kad.arbitr.ru/Card/d4d8bb8d-21d5-467c-a9a6-50eb0d3c0f58,"ООО ""ИНЭРТА""",5004028736,А40-48111/2024,743546.76,нет,ГЕНЕРАЛЬНЫЙ ДИРЕКТОР: Кирпичев Михаил Юрьевич,500401001,1185024001227,22.01.2018,"143600, РОССИЯ, МОСКОВСКАЯ ОБЛ., ВОЛОКОЛАМСКИЙ Г.О., ВОЛОКОЛАМСК Г., РИЖСКОЕ Ш., СТР. 22",,,+7 (965) 350-07-01 ,rimma@evro-ler.ru
https://kad.arbitr.ru/Card/d4550df5-8239-4c00-81e2-a8c07b0c4d40,"ООО ""ЛАГ-СЕРВИС+""",7732058940,А40-48109/2024,135061.36,нет,ГЕНЕРАЛЬНЫЙ ДИРЕКТОР: Лебедева Анастасия Александровна,772901001,1027739499215,04.11.2002,"119619, ГОРОД МОСКВА, АВИАТОРОВ УЛИЦА, 13",,lagservis@bk.ru,+7 (495) 934-32-57 ,lag@mail.ru
https://kad.arbitr.ru/Card/69089dd1-18d2-4fb3-a7d4-5e16a193a625,"ООО ""ГАСТРОБУФЕТ""",7724435143,А40-48107/2024,0,да,ГЕНЕРАЛЬНЫЙ ДИРЕКТОР: Джалагония Ирма Цотнеевна,772401001,1187746356918,29.03.2018,"115404, ГОРОД МОСКВА, 1-Я СТЕКОЛЬНАЯ УЛИЦА, ДОМ 7, СТРОЕНИЕ 7, ЭТ 2 КОМ 8 ОФ 36",,,,
https://kad.arbitr.ru/Card/f41558bd-e3c8-4105-952c-ab326eb4623e,"ООО ""АРГО""",9704034860,А40-48106/2024,2957099,нет,ГЕНЕРАЛЬНЫЙ ДИРЕКТОР: Павлов Денис Львович,770401001,1207700395506,23.10.2020,"119034, ГОРОД МОСКВА, МАЛЫЙ ЛЁВШИНСКИЙ ПЕРЕУЛОК, ДОМ 10, ПОМ IV КОМ 1 ОФ 119",,,+7 (916) 339-04-24 ,pistonovap@gmail.com
https://kad.arbitr.ru/Card/6e63fd25-a5b4-4356-b2e2-a854a8816180,"ООО ""СТРОЙ-ЭРА 21""",7733330771,А40-48100/2024,897000,нет,ГЕНЕРАЛЬНЫЙ ДИРЕКТОР: Ниаури Георгий Спартакович,773301001,1187746819523,18.09.2018,"125363, ГОРОД МОСКВА, СХОДНЕНСКАЯ УЛИЦА, ДОМ 22А, КВАРТИРА 28",,,+7 (903) 772-37-71 ; +7 (903) 772-37-71 ,stroyera21@ya.ru; stroyera21@ya.ru
https://kad.arbitr.ru/Card/c8166037-1394-4c6e-82ff-0228d9de1c30,"ООО ""ОЗК ТРЕЙДИНГ""",2310170817,А40-48098/2024,29912171,нет,ГЕНЕРАЛЬНЫЙ ДИРЕКТОР: Кичатов Александр Юрьевич,616501001,1132310006696,07.06.2013,"344003, РОССИЯ, РОСТОВСКАЯ ОБЛ., ГОРОД РОСТОВ-НА-ДОНУ Г.О., РОСТОВ-НА-ДОНУ Г., БУДЕННОВСКИЙ ПР-КТ, ЗД. 62/2, ЭТАЖ МАНСАРДА, ПОМЕЩ. 11",,ozkug@ozkug.ru,+7 (985) 228-26-41 ; +7 (863) 322-22-64 ; +7 (965) 335-77-76 ; +7 (495) 120-35-92 ; +7 (863) 218-18-12 ,info@ozkug.ru; ozk@ozktrading.ru; o.blagodarnaya@ozkug.ru; ozkug@ozkug.ru; ozkug@ozcug.ru
https://kad.arbitr.ru/Card/3a129625-97c3-4071-a4ac-e4e7e4669821,"ООО ""ПЭК""",7721823853,А40-48097/2024,250000,нет,ДИРЕКТОР: Фирсова Ирина Владимировна,772101001,1147746182748,25.02.2014,"109428, ГОРОД МОСКВА, 1-Й ВЯЗОВСКИЙ ПРОЕЗД, ДОМ 4, СТРОЕНИЕ 19",8 (495) 660-11-11,pecom@pecom.ru,+7 (495) 660-11-11 ; +7 (345) 269-52-52 ; +7 (301) 220-41-61 ; +7 (910) 442-55-67 ; +7 (343) 317-93-20 ,forwork775@mail.ru; gbatd@mail.ru; pecom@pecom.ru; zakupkipecom@mail.ru
https://kad.arbitr.ru/Card/70ede593-fb0b-4769-a25a-5ce50c07308a,"ООО ""ГЛОБАЛ ФАРМА""",7730637758,А40-48079/2024,0,да,ГЕНЕРАЛЬНЫЙ ДИРЕКТОР: Беленький-Гордонов Николай Наумович,773001001,1117746036870,25.01.2011,"121087, РОССИЯ, Г. МОСКВА, ВН.ТЕР.Г. МУНИЦИПАЛЬНЫЙ ОКРУГ ФИЛЕВСКИЙ ПАРК, БАРКЛАЯ УЛ., Д. 6, СТР. 5, ЭТАЖ 1, КОМ. 101/3",8 (499) 707-16-46,,+7 (499) 707-16-46 ,a.kuranova@pharma-global.com; tender@pharma-global.com
https://kad.arbitr.ru/Card/04cac047-8624-411c-b072-6bb6d2e024f1,"ООО ""ТПС""",7709856242,А40-48077/2024,9282700,нет,ГЕНЕРАЛЬНЫЙ ДИРЕКТОР: Кузин Денис Юрьевич,770301001,1107746515590,28.06.2010,"123112, Г МОСКВА, ПРЕСНЕНСКАЯ НАБ, Д. 8, СТР. 1, ЭТАЖ/ОФИС 13/5,6,7",8 (499) 995-23-71,,+7 (499) 995-23-71 ; +7 (495) 135-02-35 ,tender@tpserv.org
https://kad.arbitr.ru/Card/ca5cd752-9950-4b91-9f51-3b94c8ac9503,"ООО ""СТРОИТЕЛЬ""",5503239034,А40-48076/2024,1246867.64,нет,ДИРЕКТОР: Цатинян Аркадий Фрунзикович,550301001,1125543059289,30.11.2012,"644043, РОССИЯ, ОМСКАЯ ОБЛ., ГОРОД ОМСК Г.О., ОМСК Г., ФРУНЗЕ УЛ., Д. 1, К. 3, ПОМЕЩ. 13П",8 (3812) 27-51-41,,+7 (962) 034-94-55 ; +7 (381) 238-38-56 ; +7 (381) 572-18-74 ,arko_am@mail.ru
https://kad.arbitr.ru/Card/e6a9293e-d2a1-4077-9ff8-af282028126d,"ООО ""СФЕРА-АВТО КО""",7727170262,А40-48072/2024,11914645.47,нет,Генеральный директор: Давыдов Александр Иванович,772701001,1027700294918,09.10.2002,"117628, ГОРОД МОСКВА, РАТНАЯ УЛИЦА, 10, 2, -",,,,
https://kad.arbitr.ru/Card/70f07226-05af-4f19-817d-9dd979889535,"ООО ""ЦХМ СЕВЕРО-ЗАПАД""",7702429795,А40-48069/2024,12053395,нет,ГЕНЕРАЛЬНЫЙ ДИРЕКТОР: Кузнецов Юрий Александрович,773301001,1187746363441,30.03.2018,"125362, РОССИЯ, Г. МОСКВА, ВН.ТЕР.Г. МУНИЦИПАЛЬНЫЙ ОКРУГ ЮЖНОЕ ТУШИНО, СТРОИТЕЛЬНЫЙ ПР-Д, Д. 7А, К. 18",,lions_chm@mail.ru,,
https://kad.arbitr.ru/Card/ca67b81e-023c-42ad-8b5f-8c24cf042f02,"ООО ""ЭЙ-ЭЙЧ-АЙ-КЕРРИЕР""",7705865711,А40-48063/2024,0,да,"Управляющая организация: ОБЩЕСТВО С ОГРАНИЧЕННОЙ ОТВЕТСТВЕННОСТЬЮ ""КЛАССИК""",770501001,5087746600629,15.12.2008,"115054, РОССИЯ, Г. МОСКВА, ВН.ТЕР.Г. МУНИЦИПАЛЬНЫЙ ОКРУГ ЗАМОСКВОРЕЧЬЕ, КОСМОДАМИАНСКАЯ НАБ., Д. 52, СТР. 3",8 (495) 937-42-41,elenalan1@mail.ru,+7 (495) 937-42-41 ,andrey.shayderov@ahi-carrier.ru; service@ahi-carrier.ru; ahi@ahi-carrier.ru
https://kad.arbitr.ru/Card/2e3460ea-4e49-4e4f-b922-7a8afe646b24,"ООО ""РЕСО-ЛИЗИНГ""",7709431786,А40-48058/2024,855878.71,нет,ГЕНЕРАЛЬНЫЙ ДИРЕКТОР: Мокин Андрей Петрович,772601001,1037709061015,08.07.2003,"117105, ГОРОД МОСКВА, НАГОРНЫЙ ПРОЕЗД, ДОМ 6, СТР 8",,ivanov.sp@resoleasing.com,+7 (903) 651-90-52 ; +7 (831) 461-94-35 ; +7 (865) 273-08-45 ; +7 (381) 257-10-74 ; +7 (813) 713-10-36 ; +7 (800) 250-10-25 ; +7 (495) 980-08-83 ; +7 (967) 650-96-88 ; +7 (495) 956-39-12 ; +7 (495) 203-58-91 ,stolyarov.nn@resoleasing.com; analytica-omsk@yandex.ru; kc@vodokanal.gtn.ru; uamdir@resoleasing.com; saratov_csc@email.reso.ru; novorossiysk@resoleasing.con; onykova.tve@resoleasing.com; tambov@resoleasing.com; data@resoleasing.com; luz@mail.ru
https://kad.arbitr.ru/Card/c8840cf6-66cb-4b87-8972-47e6f3ecf2d1,"ООО ""СМУ № 27""",7703070741,А40-48049/2024,1605478.33,нет,ГЕНЕРАЛЬНЫЙ ДИРЕКТОР: Луканенко Федор Владимирович,770201001,1037739713835,18.02.2003,"127051, РОССИЯ, Г. МОСКВА, ВН.ТЕР.Г. МУНИЦИПАЛЬНЫЙ ОКРУГ МЕЩАНСКИЙ, ТРУБНАЯ УЛ., Д. 25, СТР. 2, ПОМЕЩ. 16 ПОДВАЛ",,,,
https://kad.arbitr.ru/Card/48577798-cff2-48ce-9b16-87c3d3bf28ee,"ООО ""СПС""",7724610003,А40-48043/2024,1233844,нет,ГЕНЕРАЛЬНЫЙ ДИРЕКТОР: Дресвянкин Дмитрий Петрович,504401001,1077746721029,28.02.2007,"141503, МОСКОВСКАЯ ОБЛАСТЬ, СОЛНЕЧНОГОРСК ГОРОД, ЛЕСНАЯ УЛИЦА, ДОМ 1/17, ПОМЕЩЕНИЕ III-21",8 (499) 769-50-73,sps@mail.ru,+7 (925) 283-25-28 ; +7 (965) 113-08-31 ,stroypodryadservice@mail.ru; sps@it-qwerty.ru
https://kad.arbitr.ru/Card/ac494d90-1180-4bb5-ae96-eda990a3be15,"ООО ""СМС 17""",7731367617,А40-48042/2024,590750,нет,ГЕНЕРАЛЬНЫЙ ДИРЕКТОР: Шапетько Алексей Николаевич,773301001,1177746499842,22.05.2017,"125362, ГОРОД МОСКВА, СВОБОДЫ УЛИЦА, ДОМ 35, СТРОЕНИЕ 14, Э II ПОМ XIV НП 26",,,+7 (926) 563-88-98 ; +7 (926) 563-88-98 ,sdorosheva@yandex.ru; sdorosheva@yandex.ru
https://kad.arbitr.ru/Card/a9ee6c70-4f66-46fb-a980-c706d28a5b95,"ООО ""СТК АЭЛИТА""",4217203740,А40-48033/2024,2200097.68,нет,ДИРЕКТОР: Бакунов Павел Алексеевич,421701001,1214200017679,06.12.2021,"654005, РОССИЯ, КЕМЕРОВСКАЯ ОБЛАСТЬ - КУЗБАСС, НОВОКУЗНЕЦКИЙ Г.О., НОВОКУЗНЕЦК Г., Р-Н ЦЕНТРАЛЬНЫЙ, КОЛХОЗНЫЙ ПР-Д, Д. 11А, ОФИС 301",,,+7 (923) 633-59-14 ,aelitanvkz@gmail.com
https://kad.arbitr.ru/Card/5cd57191-5828-45a5-af58-ae8b5c09007a,"ООО ""АТРИЯ""",9723123480,А40-48025/2024,495000,нет,ГЕНЕРАЛЬНЫЙ ДИРЕКТОР: Хохлов Сергей Николаевич,772101001,1217700416845,06.09.2021,"109444, РОССИЯ, Г. МОСКВА, ВН.ТЕР.Г. МУНИЦИПАЛЬНЫЙ ОКРУГ ВЫХИНО-ЖУЛЕБИНО, ТАШКЕНТСКАЯ УЛ., Д. 9, ПОМЕЩ. 1/Н",,9775654384k@gmail.com,,
https://kad.arbitr.ru/Card/d6c27b3a-8a4e-4f11-b16a-e831d6da3713,"ООО ""ИМПЕРАТИВ-СИБИРЬ""",5528032715,А40-48018/2024,3004039.04,нет,ГЕНЕРАЛЬНЫЙ ДИРЕКТОР: Гончаров Алексей Викторович,552801001,1165543064170,08.04.2016,"644540, ОМСКАЯ ОБЛАСТЬ, ОМСКИЙ РАЙОН, ПУШКИНО СЕЛО, 40 ЛЕТ ПОБЕДЫ УЛИЦА, ДОМ 94",,,+7 (962) 045-34-93 ,bon2004@bk.ru; goncharov@imperativsibir.ru
https://kad.arbitr.ru/Card/b82a4e35-9597-4763-b2e2-5da97440151a,"ООО ""ОЛИМП-ТРЕЙД""",7707563515,А40-48016/2024,1823500,нет,ГЕНЕРАЛЬНЫЙ ДИРЕКТОР: Симаков Максим Ильич,773101001,1057748592868,12.10.2005,"121357, ГОРОД МОСКВА, ВЕРЕЙСКАЯ УЛИЦА, ДОМ 29А, ЭТАЖ 3 КОМ 14",,simelk@inbox.ru,+7 (903) 798-20-31 ; +7 (903) 798-20-31 ,kr@olymp-trade.com; kr@olymp-trade.com
https://kad.arbitr.ru/Card/6e7d74b0-6d55-41ec-a8e5-b236c9e92ff2,"ООО ""ФЕРРОМОНТ РАША""",7726682980,А40-48010/2024,1663200,нет,ГЕНЕРАЛЬНЫЙ ДИРЕКТОР: Маттауш Андреас,772801001,1117746740748,20.09.2011,"117198, ГОРОД МОСКВА, ЛЕНИНСКИЙ ПРОСПЕКТ, ДОМ 113/1, ПОМЕЩЕНИЕ 407С",8 (499) 418-02-08,,+7 (968) 753-65-29 ; +7 (499) 418-02-48 ,r.accounting@christof.com; n.mosunova@fmt.biz
https://kad.arbitr.ru/Card/548e4030-a91f-4936-be75-8cef05547217,"ООО ""НЭТА""",7716523276,А40-48009/2024,640929.03,нет,Генеральный директор: Фомичева Светлана Григорьевна,771601001,1057746514770,28.03.2005,"129344, ГОРОД МОСКВА, ИСКРЫ УЛИЦА, 31 СТР 8",8 (495) 789-64-81,vras@teanadin.ru,+7 (495) 789-64-82 ; +7 (495) 789-64-81 ,vras@teanadin.ru
https://kad.arbitr.ru/Card/7716a601-aa4f-4632-ad67-79c60998b11b,"ООО ""ГСП РЕМОНТ""",7737106202,А40-48004/2024,19916817,нет,ГЕНЕРАЛЬНЫЙ ДИРЕКТОР: Никишенков Евгений Михайлович,772901001,1027700081859,31.07.2002,"119415, РОССИЯ, Г. МОСКВА, ВН.ТЕР.Г. МУНИЦИПАЛЬНЫЙ ОКРУГ ПРОСПЕКТ ВЕРНАДСКОГО, ВЕРНАДСКОГО ПР-КТ, Д. 53",,vga-bun@infonet.nnov.ru,+7 (844) 274-66-82 ; +7 (495) 221-38-73 ; +7 (831) 431-17-10 ; +7 (845) 230-72-80 ; +7 (916) 835-61-85 ; +7 (495) 287-37-25 ; +7 (346) 275-30-00 ; +7 (499) 580-41-40 ; +7 (095) 382-58-54 ,o.berg@fsga.ru; a.savchuk@servicegazauto.ru; vga-bun@infonet.nnov.ru; r.shayhutdinov@fsga.ru; tender@servicegazauto.ru; sga@servicegazauto.ru; sga@fsga.ru; y.zhuk@servicegazauto.ru; n.lebedeva@servicegazauto.ru
https://kad.arbitr.ru/Card/391d5a80-cf65-4186-ba51-767e8be57aa8,"ООО ""ВРП ""НОВОТРАНС""",3819018655,А40-47999/2024,659745,нет,ГЕНЕРАЛЬНЫЙ ДИРЕКТОР: Механиков Евгений Викторович,385101001,1073819000474,10.04.2007,"665477, ИРКУТСКАЯ ОБЛАСТЬ, УСОЛЬСКИЙ РАЙОН, ТАЙТУРКА РАБОЧИЙ ПОСЕЛОК, ПОБЕДЫ УЛИЦА, 18",,chistyakov_vn@vrpnovotrans.ru,+7 (395) 279-85-24 ; +7 (395) 279-85-38 ; +7 (915) 022-91-57 ,kuyarkina_aa@vrpnovotrans.ru; referent@gc-novotrans.ru; vrp-office@mail.ru; chistyakov_vn@vrpnovotrans.ru; gt9150229157@mail.ru
https://kad.arbitr.ru/Card/bbc0d41f-cbc9-432f-8025-6972b050a817,"ООО ""ВОСТОК-ЛОГИСТ""",9701140820,А40-47997/2024,0,да,ГЕНЕРАЛЬНЫЙ ДИРЕКТОР: Корольков Дмитрий Николаевич,773401001,1197746461032,22.07.2019,"123154, РОССИЯ, Г. МОСКВА, ВН.ТЕР.Г. МУНИЦИПАЛЬНЫЙ ОКРУГ ХОРОШЕВО-МНЕВНИКИ, КАРАМЫШЕВСКАЯ НАБ., Д. 60, ПОМЕЩ. XIII",,,,
https://kad.arbitr.ru/Card/d7ca5bd4-0b79-425b-8eac-56805097fdf8,"ООО ""СК БАЙ ИНВЕСТ""",7734473846,А40-47993/2024,1719388.83,нет,ГЕНЕРАЛЬНЫЙ ДИРЕКТОР: Песляк Евгений Николаевич,773401001,1237700199252,14.03.2023,"123458, РОССИЯ, Г. МОСКВА, ВН.ТЕР.Г. МУНИЦИПАЛЬНЫЙ ОКРУГ СТРОГИНО, МАРШАЛА КАТУКОВА УЛ., Д. 24, К. 6, ПОМЕЩ. 101П, ОФИС 10М",,peslyak.yevgeniy@mail.ru,+7 (916) 180-65-65 ,peslyak.yevgeлiy@mai1.ru
https://kad.arbitr.ru/Card/7642e58e-7652-4217-8977-ca5ab34c5cbf,"ООО ""ЛЮБАЯ ВЫСОТА""",7720383783,А40-47990/2024,351423,нет,ГЕНЕРАЛЬНЫЙ ДИРЕКТОР: Галиев Степан Махсутович,773601001,1177746551597,02.06.2017,"119296, ГОРОД МОСКВА, ВАВИЛОВА УЛИЦА, ДОМ 60, КОРПУС 2, Э ПОДВАЛ ПОМ 1 К 1 ОФ 33",,,+7 (925) 497-26-08 ,evstegneyy@mail.ru
https://kad.arbitr.ru/Card/b47c1b8a-8ce9-404c-b6e4-7f7c275ba801,"ООО ""ЦЕППЕЛИН РУСЛАНД""",7702192017,А40-47988/2024,347467.08,нет,"ГЕНЕРАЛЬНЫЙ ДИРЕКТОР: Калинин Андрей Леонидович, ГЕНЕРАЛЬНЫЙ ДИРЕКТОР: Шульц Хольгер",502401001,1027700347817,23.10.2002,"143441, МОСКОВСКАЯ ОБЛАСТЬ, КРАСНОГОРСКИЙ РАЙОН, ПУТИЛКОВО ПОЧТОВОЕ ОТДЕЛЕНИЕ, 69 КМ МКАД УЛИЦА, ООК ЗАО ГРИНВУД, СТРОЕНИЕ 31",8 (495) 221-35-39,pr@zeppelin.ru,+7 (495) 221-35-35 ; +7 (495) 221-35-35 ,nikolay.belotserkovskiy@zeppelin.com; nikolay.belotserkovskiy@zeppelin.com
https://kad.arbitr.ru/Card/dd2ea9b4-ddbf-47f9-94dd-2a52402596b3,"ООО ""АПИТЕЛЬ""",4811026952,А40-47984/2024,1032234,нет,ГЕНЕРАЛЬНЫЙ ДИРЕКТОР: Романюк Олег Петрович,481101001,1234800004823,11.05.2023,"399688, РОССИЯ, ЛИПЕЦКАЯ ОБЛ., КРАСНИНСКИЙ М.Р-Н, ИЩЕИНСКИЙ СЕЛЬСОВЕТ С.П., ИЩЕИНО С., КОМСОМОЛЬСКАЯ УЛ., Д. 4",,oleg.raman@yahho.com,,
https://kad.arbitr.ru/Card/9f4b2508-0073-4cde-bd6a-88f8070d96b1,"ООО ""СКАНМЕДИА""",7725326242,А40-47979/2024,0,да,ГЕНЕРАЛЬНЫЙ ДИРЕКТОР: Мазитов Марат Фарукович,772501001,1167746734374,04.08.2016,"115162, Г МОСКВА, ШУХОВА УЛ, Д. 14, СТР. 9",,,+7 (960) 278-47-07 ,romsha555@gmail.com
https://kad.arbitr.ru/Card/70edce43-4178-4ac3-853a-8536edf2b42b,"ООО ""ГЕФЕСТ""",7720870868,А40-47968/2024,3178843.87,нет,ГЕНЕРАЛЬНЫЙ ДИРЕКТОР: Цвинария Игорь Гиаргович,772001001,1227700434125,20.07.2022,"111558, РОССИЯ, Г. МОСКВА, ВН.ТЕР.Г. МУНИЦИПАЛЬНЫЙ ОКРУГ ИВАНОВСКОЕ, СТАЛЕВАРОВ УЛ., Д. 3Л, СТР. 1, ОФИС 8",,,,
https://kad.arbitr.ru/Card/c000c16b-31bd-4a9d-9d27-6792cc7cc26d,"ООО СМУ ""ЭТАЛОН-77""",7725812845,А40-47967/2024,150510.37,нет,ГЕНЕРАЛЬНЫЙ ДИРЕКТОР: Алифов Фархад Джалил Оглы,772301001,5137746193393,13.12.2013,"109388, РОССИЯ, Г. МОСКВА, ВН.ТЕР.Г. МУНИЦИПАЛЬНЫЙ ОКРУГ ПЕЧАТНИКИ, ПОЛБИНА УЛ., Д. 9, К. 1, ЭТАЖ 1, ПОМЕЩ./КОМ. I/1",,afina158@mail.ru,+7 (965) 448-61-61 ,smuetalon77@mail.ru
https://kad.arbitr.ru/Card/34a4ee49-22d7-48c2-a5ed-3091156eb9ff,"ООО ""РДСК""",7610134142,А40-47961/2024,473433.76,нет,ГЕНЕРАЛЬНЫЙ ДИРЕКТОР: Лопухов Андрей Олегович,761001001,1217600010429,18.06.2021,"152973, РОССИЯ, ЯРОСЛАВСКАЯ ОБЛ., РЫБИНСКИЙ М.Р-Н, ПОКРОВСКОЕ С.П., ИСКРА ОКТЯБРЯ П., МОЛОДЕЖНАЯ УЛ., ЗД. 2А, ОФИС 7",,ras.rybinsk@yandex.ru,+7 (905) 632-49-00 ; +7 (485) 520-45-05 ; +7 (910) 975-74-42 ,arakill@yandex.ru; fossca2012@yandex.ru
https://kad.arbitr.ru/Card/256f4651-8dfe-4d51-9fe0-297520e6436c,"ООО ""КОРПОРАЦИЯ ТЕЛЕВИК ИНЖИНИРИНГ""",7717756851,А40-47958/2024,7021136.27,нет,ГЕНЕРАЛЬНЫЙ ДИРЕКТОР: Мешкова Татьяна Юрьевна,771801001,1137746576230,04.07.2013,"107113, ГОРОД МОСКВА, МАЛЕНКОВСКАЯ УЛИЦА, ДОМ 3, ЭТ/ПОМ/КОМ 1/3/1",,,+7 (495) 234-31-72 ; +7 (903) 796-82-92 ; +7 (495) 234-29-29 ,televic@televic.ru; televicingi@yandex.ru
https://kad.arbitr.ru/Card/18a3cf7d-d6df-4a30-92c8-f84f8d892fde,"ООО ""СТАНИСЛАВСКОГО 21-21""",7709844021,А40-47957/2024,1028681.96,нет,ГЕНЕРАЛЬНЫЙ ДИРЕКТОР: Грейт Ксения Григорьевна,770901001,1097746791064,10.12.2009,"109004, ГОРОД МОСКВА, СТАНИСЛАВСКОГО УЛИЦА, 21, СТР. 21",,stanislavskogo21@list.ru,+7 (917) 568-44-28 ,irenasokol@mail.ru
